BTM 292401 CLIP 1.mov ,mov
BTM 292401 CLIP 2.mov ,mov
BTM 292401 CLIP 3.mov ,mov
BTM 292401 CLIP 4.mov ,mov
BTM 292401 CLIP 5.mov ,mov
BTM 292401 CLIP 6.mov ,mov
VHS 193428 CLIP 1.mov_report_2021-02-11_08-43-16.xml ,xml
VHS 193428 CLIP 1.mov_report_2021-02-11_08-43-16.pdf ,pdf
VHS 193428 CLIP 4.mov_report_2021-02-11_08-58-22.xml ,xml
VHS 193428 CLIP 4.mov_report_2021-02-11_08-58-22.pdf ,pdf
VHS 193428 CLIP 2.mov_report_2021-02-11_09-13-06.xml ,xml
VHS 193428 CLIP 2.mov_report_2021-02-11_09-13-06.pdf ,pdf
VHS 193428 CLIP 3.mov_report_2021-02-11_09-23-36.xml ,xml
VHS 193428 CLIP 3.mov_report_2021-02-11_09-23-36.pdf ,pdf
VHS 193430 CLIP 3.mov_report_2021-02-11_09-33-20.xml ,xml
VHS 193430 CLIP 3.mov_report_2021-02-11_09-33-20.pdf ,pdf
VHS 193430 CLIP 2.mov_report_2021-02-11_09-42-38.xml ,xml
VHS 193430 CLIP 2.mov_report_2021-02-11_09-42-38.pdf ,pdf
VHS 193428 CLIP 6.mov_report_2021-02-11_09-52-48.xml ,xml
VHS 193428 CLIP 6.mov_report_2021-02-11_09-52-48.pdf ,pdf
VHS 193428 CLIP 5.mov_report_2021-02-11_10-01-35.xml ,xml
VHS 193428 CLIP 5.mov_report_2021-02-11_10-01-35.pdf ,pdf
VHS 193433 CLIP 1.mov_report_2021-02-11_10-09-14.xml ,xml
VHS 193433 CLIP 1.mov_report_2021-02-11_10-09-14.pdf ,pdf
VHS 193430 CLIP 1.mov_report_2021-02-11_10-18-56.xml ,xml
VHS 193430 CLIP 1.mov_report_2021-02-11_10-18-56.pdf ,pdf
VHS 193432 CLIP 4.mov_report_2021-02-11_10-31-34.xml ,xml
VHS 193432 CLIP 4.mov_report_2021-02-11_10-31-34.pdf ,pdf
VHS 193432 CLIP 1.mov_report_2021-02-11_10-45-14.xml ,xml
VHS 193432 CLIP 1.mov_report_2021-02-11_10-45-14.pdf ,pdf
VHS 193430 CLIP 4.mov_report_2021-02-11_10-55-42.xml ,xml
VHS 193430 CLIP 4.mov_report_2021-02-11_10-55-42.pdf ,pdf
VHS 193433 CLIP 3.mov_report_2021-02-11_11-02-49.xml ,xml
VHS 193433 CLIP 3.mov_report_2021-02-11_11-02-49.pdf ,pdf
VHS 193433 CLIP 2.mov_report_2021-02-11_11-10-35.xml ,xml
VHS 193433 CLIP 2.mov_report_2021-02-11_11-10-35.pdf ,pdf
VHS 193432 CLIP 3.mov_report_2021-02-11_11-18-45.xml ,xml
VHS 193432 CLIP 3.mov_report_2021-02-11_11-18-45.pdf ,pdf
VHS 193428 CLIP 7.mov_report_2021-02-11_21-08-13.xml ,xml
VHS 193428 CLIP 7.mov_report_2021-02-11_21-08-13.pdf ,pdf
VHS 193428 CLIP 8.mov_report_2021-02-11_21-18-02.xml ,xml
VHS 193428 CLIP 8.mov_report_2021-02-11_21-18-02.pdf ,pdf
VHS 193429 CLIP 2.mov_report_2021-02-11_21-27-47.xml ,xml
VHS 193429 CLIP 2.mov_report_2021-02-11_21-27-47.pdf ,pdf
VHS 193429 CLIP 1.mov_report_2021-02-11_21-37-28.xml ,xml
VHS 193429 CLIP 1.mov_report_2021-02-11_21-37-28.pdf ,pdf
VHS 193429 CLIP 3.mov_report_2021-02-11_21-47-14.xml ,xml
VHS 193429 CLIP 3.mov_report_2021-02-11_21-47-14.pdf ,pdf
VHS 193429 CLIP 4.mov_report_2021-02-11_21-57-31.xml ,xml
VHS 193429 CLIP 4.mov_report_2021-02-11_21-57-31.pdf ,pdf
VHS 193429 CLIP 5.mov_report_2021-02-11_22-06-30.xml ,xml
VHS 193429 CLIP 5.mov_report_2021-02-11_22-06-30.pdf ,pdf
VHS 193430 CLIP 5.mov_report_2021-02-11_22-17-07.xml ,xml
VHS 193430 CLIP 5.mov_report_2021-02-11_22-17-07.pdf ,pdf
VHS 193430 CLIP 6.mov_report_2021-02-11_22-27-46.xml ,xml
VHS 193430 CLIP 6.mov_report_2021-02-11_22-27-46.pdf ,pdf
VHS 193434 CLIP 1.mov_report_2021-02-11_22-37-52.xml ,xml
VHS 193434 CLIP 1.mov_report_2021-02-11_22-37-52.pdf ,pdf
VHS 193434 CLIP 2.mov_report_2021-02-11_22-46-09.xml ,xml
VHS 193434 CLIP 2.mov_report_2021-02-11_22-46-09.pdf ,pdf
VHS 193434 CLIP 3.mov_report_2021-02-11_22-55-36.xml ,xml
VHS 193434 CLIP 3.mov_report_2021-02-11_22-55-36.pdf ,pdf
VHS 193434 CLIP 5.mov_report_2021-02-11_23-05-59.xml ,xml
VHS 193434 CLIP 5.mov_report_2021-02-11_23-05-59.pdf ,pdf
VHS 193434 CLIP 4.mov_report_2021-02-11_23-15-38.xml ,xml
VHS 193434 CLIP 4.mov_report_2021-02-11_23-15-38.pdf ,pdf
VHS 193435 CLIP 1.mov_report_2021-02-11_23-25-24.xml ,xml
VHS 193435 CLIP 1.mov_report_2021-02-11_23-25-24.pdf ,pdf
VHS 193434 CLIP 7.mov_report_2021-02-11_23-35-21.xml ,xml
VHS 193434 CLIP 7.mov_report_2021-02-11_23-35-21.pdf ,pdf
VHS 193434 CLIP 8.mov_report_2021-02-11_23-44-54.xml ,xml
VHS 193434 CLIP 8.mov_report_2021-02-11_23-44-54.pdf ,pdf
VHS 193434 CLIP 6.mov_report_2021-02-11_23-54-17.xml ,xml
VHS 193434 CLIP 6.mov_report_2021-02-11_23-54-17.pdf ,pdf
VHS 193434 CLIP 9.mov_report_2021-02-11_23-55-40.xml ,xml
VHS 193434 CLIP 9.mov_report_2021-02-11_23-55-40.pdf ,pdf
VHS 193435 CLIP 3.mov_report_2021-02-12_00-05-10.xml ,xml
VHS 193435 CLIP 3.mov_report_2021-02-12_00-05-10.pdf ,pdf
VHS 193435 CLIP 4.mov_report_2021-02-12_00-14-45.xml ,xml
VHS 193435 CLIP 4.mov_report_2021-02-12_00-14-45.pdf ,pdf
VHS 193435 CLIP 2.mov_report_2021-02-12_00-23-47.xml ,xml
VHS 193435 CLIP 2.mov_report_2021-02-12_00-23-47.pdf ,pdf
VHS 193435 CLIP 5.mov_report_2021-02-12_00-33-04.xml ,xml
VHS 193435 CLIP 5.mov_report_2021-02-12_00-33-04.pdf ,pdf
VHS 193437 CLIP 13.mov_report_2021-02-12_00-44-48.xml ,xml
VHS 193437 CLIP 13.mov_report_2021-02-12_00-44-48.pdf ,pdf
VHS 193437 CLIP 1.mov_report_2021-02-12_00-57-05.xml ,xml
VHS 193437 CLIP 1.mov_report_2021-02-12_00-57-05.pdf ,pdf
VHS 193437 CLIP 10.mov_report_2021-02-12_01-09-58.xml ,xml
VHS 193437 CLIP 10.mov_report_2021-02-12_01-09-58.pdf ,pdf
VHS 193435 CLIP 6.mov_report_2021-02-12_01-18-39.xml ,xml
VHS 193435 CLIP 6.mov_report_2021-02-12_01-18-39.pdf ,pdf
VHS 193437 CLIP 11.mov_report_2021-02-12_01-30-23.xml ,xml
VHS 193437 CLIP 11.mov_report_2021-02-12_01-30-23.pdf ,pdf
VHS 193437 CLIP 14.mov_report_2021-02-12_01-42-25.xml ,xml
VHS 193437 CLIP 14.mov_report_2021-02-12_01-42-25.pdf ,pdf
VHS 193437 CLIP 12.mov_report_2021-02-12_01-54-21.xml ,xml
VHS 193437 CLIP 12.mov_report_2021-02-12_01-54-21.pdf ,pdf
VHS 193437 CLIP 2.mov_report_2021-02-12_02-06-56.xml ,xml
VHS 193437 CLIP 2.mov_report_2021-02-12_02-06-56.pdf ,pdf
VHS 193437 CLIP 3.mov_report_2021-02-12_02-16-51.xml ,xml
VHS 193437 CLIP 3.mov_report_2021-02-12_02-16-51.pdf ,pdf
VHS 193437 CLIP 4.mov_report_2021-02-12_02-27-54.xml ,xml
VHS 193437 CLIP 4.mov_report_2021-02-12_02-27-54.pdf ,pdf
VHS 193437 CLIP 5.mov_report_2021-02-12_02-40-11.xml ,xml
VHS 193437 CLIP 5.mov_report_2021-02-12_02-40-11.pdf ,pdf
VHS 193437 CLIP 6.mov_report_2021-02-12_02-51-27.xml ,xml
VHS 193437 CLIP 6.mov_report_2021-02-12_02-51-27.pdf ,pdf
VHS 193437 CLIP 7.mov_report_2021-02-12_03-03-27.xml ,xml
VHS 193437 CLIP 7.mov_report_2021-02-12_03-03-27.pdf ,pdf
VHS 193437 CLIP 8.mov_report_2021-02-12_03-14-38.xml ,xml
VHS 193437 CLIP 8.mov_report_2021-02-12_03-14-38.pdf ,pdf
VHS 193437 CLIP 9.mov_report_2021-02-12_03-25-59.xml ,xml
VHS 193437 CLIP 9.mov_report_2021-02-12_03-25-59.pdf ,pdf
VHS 193438 CLIP 1.mov_report_2021-02-12_03-35-16.xml ,xml
VHS 193438 CLIP 1.mov_report_2021-02-12_03-35-16.pdf ,pdf
VHS 193438 CLIP 2.mov_report_2021-02-12_03-44-11.xml ,xml
VHS 193438 CLIP 2.mov_report_2021-02-12_03-44-11.pdf ,pdf
VHS 193438 CLIP 3.mov_report_2021-02-12_03-54-10.xml ,xml
VHS 193438 CLIP 3.mov_report_2021-02-12_03-54-10.pdf ,pdf
VHS 193438 CLIP 4.mov_report_2021-02-12_04-03-46.xml ,xml
VHS 193438 CLIP 4.mov_report_2021-02-12_04-03-46.pdf ,pdf
VHS 193438 CLIP 5.mov_report_2021-02-12_04-11-31.xml ,xml
VHS 193438 CLIP 5.mov_report_2021-02-12_04-11-31.pdf ,pdf
VHS 193438 CLIP 6.mov_report_2021-02-12_04-19-43.xml ,xml
VHS 193438 CLIP 6.mov_report_2021-02-12_04-19-43.pdf ,pdf
VHS 193438 CLIP 7.mov_report_2021-02-12_04-27-19.xml ,xml
VHS 193438 CLIP 7.mov_report_2021-02-12_04-27-19.pdf ,pdf
VHS 193438 CLIP 8.mov_report_2021-02-12_04-34-49.xml ,xml
VHS 193438 CLIP 8.mov_report_2021-02-12_04-34-49.pdf ,pdf
VHS 193439 CLIP 1.mov_report_2021-02-12_04-43-56.xml ,xml
VHS 193439 CLIP 1.mov_report_2021-02-12_04-43-56.pdf ,pdf
VHS 193439 CLIP 2.mov_report_2021-02-12_04-53-02.xml ,xml
VHS 193439 CLIP 2.mov_report_2021-02-12_04-53-02.pdf ,pdf
VHS 193439 CLIP 3.mov_report_2021-02-12_05-02-41.xml ,xml
VHS 193439 CLIP 3.mov_report_2021-02-12_05-02-41.pdf ,pdf
VHS 193439 CLIP 4.mov_report_2021-02-12_05-11-38.xml ,xml
VHS 193439 CLIP 4.mov_report_2021-02-12_05-11-38.pdf ,pdf
VHS 193439 CLIP 5.mov_report_2021-02-12_05-20-16.xml ,xml
VHS 193439 CLIP 5.mov_report_2021-02-12_05-20-16.pdf ,pdf
VHS 193439 CLIP 6.mov_report_2021-02-12_05-28-13.xml ,xml
VHS 193439 CLIP 6.mov_report_2021-02-12_05-28-13.pdf ,pdf
VHS 193441 CLIP 7.mov_report_2021-02-14_18-01-49.xml ,xml
VHS 193431 CLIP 1.mov_report_2021-02-14_23-54-07.pdf ,pdf
VHS 193431 CLIP 1.mov_report_2021-02-14_23-54-07.xml ,xml
VHS 193431 CLIP 2.mov_report_2021-02-15_00-03-20.pdf ,pdf
VHS 193431 CLIP 2.mov_report_2021-02-15_00-03-20.xml ,xml
VHS 193431 CLIP 3.mov_report_2021-02-15_00-12-49.pdf ,pdf
VHS 193431 CLIP 3.mov_report_2021-02-15_00-12-49.xml ,xml
VHS 193431 CLIP 4.mov_report_2021-02-15_00-21-47.pdf ,pdf
VHS 193431 CLIP 4.mov_report_2021-02-15_00-21-47.xml ,xml
VHS 193431 CLIP 5.mov_report_2021-02-15_00-30-42.pdf ,pdf
VHS 193431 CLIP 5.mov_report_2021-02-15_00-30-42.xml ,xml
VHS 193431 CLIP 6.mov_report_2021-02-15_00-39-53.pdf ,pdf
VHS 193431 CLIP 6.mov_report_2021-02-15_00-39-53.xml ,xml
VHS 193432 CLIP 2.mov_report_2021-02-14_12-49-55.pdf ,pdf
VHS 193432 CLIP 2.mov_report_2021-02-14_12-49-55.xml ,xml
VHS 193432 CLIP 5.mov_report_2021-02-14_12-58-59.pdf ,pdf
VHS 193432 CLIP 5.mov_report_2021-02-14_12-58-59.xml ,xml
VHS 193432 CLIP 6.mov_report_2021-02-14_12-39-22.pdf ,pdf
VHS 193432 CLIP 6.mov_report_2021-02-14_12-39-22.xml ,xml
VHS 193432 CLIP 7.mov_report_2021-02-14_13-08-14.pdf ,pdf
VHS 193432 CLIP 7.mov_report_2021-02-14_13-08-14.xml ,xml
VHS 193432 CLIP 8.mov_report_2021-02-14_13-27-19.pdf ,pdf
VHS 193432 CLIP 8.mov_report_2021-02-14_13-27-19.xml ,xml
VHS 193432 CLIP 9.mov_report_2021-02-15_01-16-02.pdf ,pdf
VHS 193432 CLIP 9.mov_report_2021-02-15_01-16-02.xml ,xml
VHS 193432 CLIP 10.mov_report_2021-02-15_00-48-50.pdf ,pdf
VHS 193432 CLIP 10.mov_report_2021-02-15_00-48-50.xml ,xml
VHS 193432 CLIP 11.mov_report_2021-02-15_01-07-03.pdf ,pdf
VHS 193432 CLIP 11.mov_report_2021-02-15_01-07-03.xml ,xml
VHS 193436 CLIP 1.mov_report_2021-02-14_15-12-36.pdf ,pdf
VHS 193436 CLIP 1.mov_report_2021-02-14_15-12-36.xml ,xml
VHS 193436 CLIP 2.mov_report_2021-02-15_01-25-16.pdf ,pdf
VHS 193436 CLIP 2.mov_report_2021-02-15_01-25-16.xml ,xml
VHS 193436 CLIP 3.mov_report_2021-02-15_01-34-13.pdf ,pdf
VHS 193436 CLIP 3.mov_report_2021-02-15_01-34-13.xml ,xml
VHS 193436 CLIP 4.mov_report_2021-02-15_01-43-36.pdf ,pdf
VHS 193436 CLIP 4.mov_report_2021-02-15_01-43-36.xml ,xml
VHS 193436 CLIP 5.mov_report_2021-02-15_01-52-36.pdf ,pdf
VHS 193436 CLIP 5.mov_report_2021-02-15_01-52-36.xml ,xml
VHS 193436 CLIP 6.mov_report_2021-02-15_02-01-37.pdf ,pdf
VHS 193436 CLIP 6.mov_report_2021-02-15_02-01-37.xml ,xml
VHS 193436 CLIP 7.mov_report_2021-02-15_02-10-50.pdf ,pdf
VHS 193436 CLIP 7.mov_report_2021-02-15_02-10-50.xml ,xml
VHS 193436 CLIP 8.mov_report_2021-02-15_02-20-13.pdf ,pdf
VHS 193436 CLIP 8.mov_report_2021-02-15_02-20-13.xml ,xml
VHS 193436 CLIP 9.mov_report_2021-02-15_02-29-23.pdf ,pdf
VHS 193436 CLIP 9.mov_report_2021-02-15_02-29-23.xml ,xml
VHS 193436 CLIP 10.mov_report_2021-02-14_14-54-42.pdf ,pdf
VHS 193436 CLIP 10.mov_report_2021-02-14_14-54-42.xml ,xml
VHS 193438 CLIP 9.mov_report_2021-02-14_15-30-09.pdf ,pdf
VHS 193438 CLIP 9.mov_report_2021-02-14_15-30-09.xml ,xml
VHS 193438 CLIP 10.mov_report_2021-02-14_15-02-39.pdf ,pdf
VHS 193438 CLIP 10.mov_report_2021-02-14_15-02-39.xml ,xml
VHS 193438 CLIP 11.mov_report_2021-02-14_14-44-03.pdf ,pdf
VHS 193438 CLIP 11.mov_report_2021-02-14_14-44-03.xml ,xml
VHS 193438 CLIP 12.mov_report_2021-02-14_16-00-37.pdf ,pdf
VHS 193438 CLIP 12.mov_report_2021-02-14_16-00-37.xml ,xml
VHS 193438 CLIP 13.mov_report_2021-02-14_15-21-38.pdf ,pdf
VHS 193438 CLIP 13.mov_report_2021-02-14_15-21-38.xml ,xml
VHS 193439 CLIP 7.mov_report_2021-02-14_15-40-13.pdf ,pdf
VHS 193439 CLIP 7.mov_report_2021-02-14_15-40-13.xml ,xml
VHS 193439 CLIP 8.mov_report_2021-02-14_15-51-58.pdf ,pdf
VHS 193439 CLIP 8.mov_report_2021-02-14_15-51-58.xml ,xml
VHS 193439 CLIP 9.mov_report_2021-02-14_17-12-28.pdf ,pdf
VHS 193439 CLIP 9.mov_report_2021-02-14_17-12-28.xml ,xml
VHS 193439 CLIP 10.mov_report_2021-02-14_16-37-12.pdf ,pdf
VHS 193439 CLIP 10.mov_report_2021-02-14_16-37-12.xml ,xml
VHS 193439 CLIP 11.mov_report_2021-02-14_16-10-51.pdf ,pdf
VHS 193439 CLIP 11.mov_report_2021-02-14_16-10-51.xml ,xml
VHS 193439 CLIP 12.mov_report_2021-02-14_16-40-26.pdf ,pdf
VHS 193439 CLIP 12.mov_report_2021-02-14_16-40-26.xml ,xml
VHS 193439 CLIP 13.mov_report_2021-02-14_16-17-07.pdf ,pdf
VHS 193439 CLIP 13.mov_report_2021-02-14_16-17-07.xml ,xml
VHS 193440 CLIP 1.mov_report_2021-02-15_02-47-22.pdf ,pdf
VHS 193440 CLIP 1.mov_report_2021-02-15_02-47-22.xml ,xml
VHS 193440 CLIP 2.mov_report_2021-02-15_03-14-10.pdf ,pdf
VHS 193440 CLIP 2.mov_report_2021-02-15_03-14-10.xml ,xml
VHS 193440 CLIP 3.mov_report_2021-02-15_03-23-19.pdf ,pdf
VHS 193440 CLIP 3.mov_report_2021-02-15_03-23-19.xml ,xml
VHS 193440 CLIP 4.mov_report_2021-02-15_03-32-50.pdf ,pdf
VHS 193440 CLIP 4.mov_report_2021-02-15_03-32-50.xml ,xml
VHS 193440 CLIP 5.mov_report_2021-02-15_03-42-16.pdf ,pdf
VHS 193440 CLIP 5.mov_report_2021-02-15_03-42-16.xml ,xml
VHS 193440 CLIP 6.mov_report_2021-02-15_03-51-24.pdf ,pdf
VHS 193440 CLIP 6.mov_report_2021-02-15_03-51-24.xml ,xml
VHS 193440 CLIP 7.mov_report_2021-02-15_03-59-59.pdf ,pdf
VHS 193440 CLIP 7.mov_report_2021-02-15_03-59-59.xml ,xml
VHS 193440 CLIP 8.mov_report_2021-02-15_04-08-23.pdf ,pdf
VHS 193440 CLIP 8.mov_report_2021-02-15_04-08-23.xml ,xml
VHS 193440 CLIP 9.mov_report_2021-02-15_04-17-14.pdf ,pdf
VHS 193440 CLIP 9.mov_report_2021-02-15_04-17-14.xml ,xml
VHS 193440 CLIP 10.mov_report_2021-02-15_02-56-25.pdf ,pdf
VHS 193440 CLIP 10.mov_report_2021-02-15_02-56-25.xml ,xml
VHS 193440 CLIP 11.mov_report_2021-02-15_02-38-05.pdf ,pdf
VHS 193440 CLIP 11.mov_report_2021-02-15_02-38-05.xml ,xml
VHS 193440 CLIP 12.mov_report_2021-02-15_03-05-32.pdf ,pdf
VHS 193440 CLIP 12.mov_report_2021-02-15_03-05-32.xml ,xml
VHS 193441 CLIP 1.mov_report_2021-02-14_16-26-45.pdf ,pdf
VHS 193441 CLIP 1.mov_report_2021-02-14_16-26-45.xml ,xml
VHS 193441 CLIP 2.mov_report_2021-02-14_16-50-50.pdf ,pdf
VHS 193441 CLIP 2.mov_report_2021-02-14_16-50-50.xml ,xml
VHS 193441 CLIP 3.mov_report_2021-02-14_17-00-52.pdf ,pdf
VHS 193441 CLIP 3.mov_report_2021-02-14_17-00-52.xml ,xml
VHS 193441 CLIP 4.mov_report_2021-02-14_17-23-00.pdf ,pdf
VHS 193441 CLIP 4.mov_report_2021-02-14_17-23-00.xml ,xml
VHS 193441 CLIP 5.mov_report_2021-02-14_17-45-30.pdf ,pdf
VHS 193441 CLIP 5.mov_report_2021-02-14_17-45-30.xml ,xml
VHS 193441 CLIP 6.mov_report_2021-02-14_17-35-10.pdf ,pdf
VHS 193441 CLIP 6.mov_report_2021-02-14_17-35-10.xml ,xml
VHS 193441 CLIP 7.mov_report_2021-02-14_18-01-49.pdf ,pdf
VHS 193433 CLIP 9.mov_report_2021-02-15_11-20-27.pdf ,pdf
VHS 193433 CLIP 9.mov_report_2021-02-15_11-20-27.xml ,xml
VHS 193433 CLIP 10.mov_report_2021-02-15_11-12-31.pdf ,pdf
VHS 193433 CLIP 10.mov_report_2021-02-15_11-12-31.xml ,xml
VHS 193433 CLIP 11.mov_report_2021-02-15_10-16-05.pdf ,pdf
VHS 193433 CLIP 11.mov_report_2021-02-15_10-16-05.xml ,xml
VHS 193433 CLIP 4.mov_report_2021-02-15_10-23-19.pdf ,pdf
VHS 193433 CLIP 4.mov_report_2021-02-15_10-23-19.xml ,xml
VHS 193433 CLIP 5.mov_report_2021-02-15_10-31-29.pdf ,pdf
VHS 193433 CLIP 5.mov_report_2021-02-15_10-31-29.xml ,xml
VHS 193433 CLIP 6.mov_report_2021-02-15_10-39-57.pdf ,pdf
VHS 193433 CLIP 6.mov_report_2021-02-15_10-39-57.xml ,xml
VHS 193433 CLIP 7.mov_report_2021-02-15_10-48-23.pdf ,pdf
VHS 193433 CLIP 7.mov_report_2021-02-15_10-48-23.xml ,xml
VHS 193433 CLIP 8.mov_report_2021-02-15_10-56-18.pdf ,pdf
VHS 193433 CLIP 8.mov_report_2021-02-15_10-56-18.xml ,xml
VHS 176511 CLIP 1.mov_report_2021-01-14_09-16-07.pdf ,pdf
VHS 176511 CLIP 2.mov_report_2021-01-14_09-49-47.pdf ,pdf
VHS 176511 CLIP 2.mov_report_2021-01-14_09-49-47.xml ,xml
VHS 176511 CLIP 3.mov_report_2021-01-14_10-10-09.pdf ,pdf
VHS 176511 CLIP 3.mov_report_2021-01-14_10-10-09.xml ,xml
VHS 176511 CLIP 4.mov_report_2021-01-14_10-20-51.pdf ,pdf
VHS 176511 CLIP 4.mov_report_2021-01-14_10-20-51.xml ,xml
VHS 176511 CLIP 5.mov_report_2021-01-14_10-31-30.pdf ,pdf
VHS 176511 CLIP 5.mov_report_2021-01-14_10-31-30.xml ,xml
VHS 176511 CLIP 6.mov_report_2021-01-14_10-41-49.pdf ,pdf
VHS 176511 CLIP 6.mov_report_2021-01-14_10-41-49.xml ,xml
VHS 176511 CLIP 7.mov_report_2021-01-14_10-53-15.pdf ,pdf
VHS 176511 CLIP 7.mov_report_2021-01-14_10-53-15.xml ,xml
VHS 176511 CLIP 8.mov_report_2021-01-14_11-03-08.pdf ,pdf
VHS 176511 CLIP 8.mov_report_2021-01-14_11-03-08.xml ,xml
VHS 176511 CLIP 9.mov_report_2021-01-14_11-14-33.pdf ,pdf
VHS 176511 CLIP 9.mov_report_2021-01-14_11-14-33.xml ,xml
VHS 176511 CLIP 10.mov_report_2021-01-14_09-25-58.pdf ,pdf
VHS 176511 CLIP 10.mov_report_2021-01-14_09-25-58.xml ,xml
VHS 176511 CLIP 11.mov_report_2021-01-14_09-36-37.pdf ,pdf
VHS 176511 CLIP 11.mov_report_2021-01-14_09-36-37.xml ,xml
VHS 176511 CLIP 12.mov_report_2021-01-14_09-38-42.pdf ,pdf
VHS 176511 CLIP 12.mov_report_2021-01-14_09-38-42.xml ,xml
VHS 176512 CLIP 1.mov_report_2021-01-14_11-26-25.pdf ,pdf
VHS 176512 CLIP 1.mov_report_2021-01-14_11-26-25.xml ,xml
VHS 176512 CLIP 2.mov_report_2021-01-14_12-10-10.pdf ,pdf
VHS 176512 CLIP 2.mov_report_2021-01-14_12-10-10.xml ,xml
VHS 176512 CLIP 3.mov_report_2021-01-14_12-20-30.pdf ,pdf
VHS 176512 CLIP 3.mov_report_2021-01-14_12-20-30.xml ,xml
VHS 176512 CLIP 4.mov_report_2021-01-14_12-50-18.pdf ,pdf
VHS 176512 CLIP 4.mov_report_2021-01-14_12-50-18.xml ,xml
VHS 176512 CLIP 5.mov_report_2021-01-14_12-30-51.pdf ,pdf
VHS 176512 CLIP 5.mov_report_2021-01-14_12-30-51.xml ,xml
VHS 176512 CLIP 6.mov_report_2021-01-14_13-00-44.pdf ,pdf
VHS 176512 CLIP 6.mov_report_2021-01-14_13-00-44.xml ,xml
VHS 176512 CLIP 7.mov_report_2021-01-14_12-39-39.pdf ,pdf
VHS 176512 CLIP 7.mov_report_2021-01-14_12-39-39.xml ,xml
VHS 176512 CLIP 8.mov_report_2021-01-14_13-14-39.pdf ,pdf
VHS 176512 CLIP 8.mov_report_2021-01-14_13-14-39.xml ,xml
VHS 176512 CLIP 9.mov_report_2021-01-14_13-25-17.pdf ,pdf
VHS 176512 CLIP 9.mov_report_2021-01-14_13-25-17.xml ,xml
VHS 176512 CLIP 10.mov_report_2021-01-14_11-37-18.pdf ,pdf
VHS 176512 CLIP 10.mov_report_2021-01-14_11-37-18.xml ,xml
VHS 176512 CLIP 11.mov_report_2021-01-14_11-49-03.pdf ,pdf
VHS 176512 CLIP 11.mov_report_2021-01-14_11-49-03.xml ,xml
VHS 176512 CLIP 12.mov_report_2021-01-14_11-59-38.pdf ,pdf
VHS 176512 CLIP 12.mov_report_2021-01-14_11-59-38.xml ,xml
VHS 176512 CLIP 13.mov_report_2021-01-14_12-00-44.pdf ,pdf
VHS 176512 CLIP 13.mov_report_2021-01-14_12-00-44.xml ,xml
VHS 176513 CLIP 1.mov_report_2021-01-14_13-30-18.pdf ,pdf
VHS 176513 CLIP 1.mov_report_2021-01-14_13-30-18.xml ,xml
VHS 176513 CLIP 2.mov_report_2021-01-14_13-44-25.pdf ,pdf
VHS 176513 CLIP 2.mov_report_2021-01-14_13-44-25.xml ,xml
VHS 176513 CLIP 3.mov_report_2021-01-14_13-39-25.pdf ,pdf
VHS 176513 CLIP 3.mov_report_2021-01-14_13-39-25.xml ,xml
VHS 176513 CLIP 4.mov_report_2021-01-14_14-31-41.pdf ,pdf
VHS 176513 CLIP 4.mov_report_2021-01-14_14-31-41.xml ,xml
VHS 176513 CLIP 5.mov_report_2021-01-14_15-12-55.pdf ,pdf
VHS 176513 CLIP 5.mov_report_2021-01-14_15-12-55.xml ,xml
VHS 176513 CLIP 6.mov_report_2021-01-14_15-20-37.pdf ,pdf
VHS 176513 CLIP 6.mov_report_2021-01-14_15-20-37.xml ,xml
VHS 176514 CLIP 1.mov_report_2021-01-14_15-32-18.pdf ,pdf
VHS 176514 CLIP 1.mov_report_2021-01-14_15-32-18.xml ,xml
VHS 176514 CLIP 2.mov_report_2021-01-14_16-08-21.pdf ,pdf
VHS 176514 CLIP 2.mov_report_2021-01-14_16-08-21.xml ,xml
VHS 176514 CLIP 3.mov_report_2021-01-14_16-31-11.pdf ,pdf
VHS 176514 CLIP 3.mov_report_2021-01-14_16-31-11.xml ,xml
VHS 176514 CLIP 4.mov_report_2021-01-14_16-42-42.pdf ,pdf
VHS 176514 CLIP 4.mov_report_2021-01-14_16-42-42.xml ,xml
VHS 176514 CLIP 5.mov_report_2021-01-14_16-54-20.pdf ,pdf
VHS 176514 CLIP 5.mov_report_2021-01-14_16-54-20.xml ,xml
VHS 176514 CLIP 6.mov_report_2021-01-14_17-04-27.pdf ,pdf
VHS 176514 CLIP 6.mov_report_2021-01-14_17-04-27.xml ,xml
VHS 176514 CLIP 7.mov_report_2021-01-14_17-26-40.pdf ,pdf
VHS 176514 CLIP 7.mov_report_2021-01-14_17-26-40.xml ,xml
VHS 176514 CLIP 8.mov_report_2021-01-14_17-15-42.pdf ,pdf
VHS 176514 CLIP 8.mov_report_2021-01-14_17-15-42.xml ,xml
VHS 176514 CLIP 9.mov_report_2021-01-14_17-38-53.pdf ,pdf
VHS 176514 CLIP 9.mov_report_2021-01-14_17-38-53.xml ,xml
VHS 176514 CLIP 10.mov_report_2021-01-14_15-43-55.pdf ,pdf
VHS 176514 CLIP 10.mov_report_2021-01-14_15-43-55.xml ,xml
VHS 176514 CLIP 11.mov_report_2021-01-14_15-55-18.pdf ,pdf
VHS 176514 CLIP 11.mov_report_2021-01-14_15-55-18.xml ,xml
VHS 176514 CLIP 12.mov_report_2021-01-14_15-57-23.pdf ,pdf
VHS 176514 CLIP 12.mov_report_2021-01-14_15-57-23.xml ,xml
VHS 176515 CLIP 1.mov_report_2021-01-14_17-48-21.pdf ,pdf
VHS 176515 CLIP 1.mov_report_2021-01-14_17-48-21.xml ,xml
VHS 176515 CLIP 2.mov_report_2021-01-14_23-39-20.pdf ,pdf
VHS 176515 CLIP 2.mov_report_2021-01-14_23-39-20.xml ,xml
VHS 176515 CLIP 3.mov_report_2021-01-14_23-48-01.pdf ,pdf
VHS 176515 CLIP 3.mov_report_2021-01-14_23-48-01.xml ,xml
VHS 176515 CLIP 4.mov_report_2021-01-14_23-57-38.pdf ,pdf
VHS 176515 CLIP 4.mov_report_2021-01-14_23-57-38.xml ,xml
VHS 176515 CLIP 5.mov_report_2021-01-15_00-06-49.pdf ,pdf
VHS 176515 CLIP 5.mov_report_2021-01-15_00-06-49.xml ,xml
VHS 176515 CLIP 6.mov_report_2021-01-15_00-16-24.pdf ,pdf
VHS 176515 CLIP 6.mov_report_2021-01-15_00-16-24.xml ,xml
VHS 176515 CLIP 7.mov_report_2021-01-15_00-26-31.pdf ,pdf
VHS 176515 CLIP 7.mov_report_2021-01-15_00-26-31.xml ,xml
VHS 176515 CLIP 8.mov_report_2021-01-15_00-36-43.pdf ,pdf
VHS 176515 CLIP 8.mov_report_2021-01-15_00-36-43.xml ,xml
VHS 176515 CLIP 9.mov_report_2021-01-15_00-44-29.pdf ,pdf
VHS 176515 CLIP 9.mov_report_2021-01-15_00-44-29.xml ,xml
VHS 176515 CLIP 10.mov_report_2021-01-14_22-59-55.pdf ,pdf
VHS 176515 CLIP 10.mov_report_2021-01-14_22-59-55.xml ,xml
VHS 176516 CLIP 1.mov_report_2021-01-15_00-55-35.pdf ,pdf
VHS 176516 CLIP 1.mov_report_2021-01-15_00-55-35.xml ,xml
VHS 176516 CLIP 2.mov_report_2021-01-15_01-38-09.pdf ,pdf
VHS 176516 CLIP 2.mov_report_2021-01-15_01-38-09.xml ,xml
VHS 176516 CLIP 3.mov_report_2021-01-15_01-48-50.pdf ,pdf
VHS 176516 CLIP 3.mov_report_2021-01-15_01-48-50.xml ,xml
VHS 176516 CLIP 4.mov_report_2021-01-15_01-59-31.pdf ,pdf
VHS 176516 CLIP 4.mov_report_2021-01-15_01-59-31.xml ,xml
VHS 176516 CLIP 5.mov_report_2021-01-15_02-10-01.pdf ,pdf
VHS 176516 CLIP 5.mov_report_2021-01-15_02-10-01.xml ,xml
VHS 176516 CLIP 6.mov_report_2021-01-15_02-20-46.pdf ,pdf
VHS 176516 CLIP 6.mov_report_2021-01-15_02-20-46.xml ,xml
VHS 176516 CLIP 7.mov_report_2021-01-15_02-29-08.pdf ,pdf
VHS 176516 CLIP 7.mov_report_2021-01-15_02-29-08.xml ,xml
VHS 176516 CLIP 8.mov_report_2021-01-15_02-40-02.pdf ,pdf
VHS 176516 CLIP 8.mov_report_2021-01-15_02-40-02.xml ,xml
VHS 176516 CLIP 9.mov_report_2021-01-15_02-49-58.pdf ,pdf
VHS 176516 CLIP 9.mov_report_2021-01-15_02-49-58.xml ,xml
VHS 176516 CLIP 10.mov_report_2021-01-15_01-04-55.pdf ,pdf
VHS 176516 CLIP 10.mov_report_2021-01-15_01-04-55.xml ,xml
VHS 176516 CLIP 11.mov_report_2021-01-15_01-14-46.pdf ,pdf
VHS 176516 CLIP 11.mov_report_2021-01-15_01-14-46.xml ,xml
VHS 176516 CLIP 12.mov_report_2021-01-15_01-24-18.pdf ,pdf
VHS 176516 CLIP 12.mov_report_2021-01-15_01-24-18.xml ,xml
VHS 176516 CLIP 13.mov_report_2021-01-15_01-26-58.pdf ,pdf
VHS 176516 CLIP 13.mov_report_2021-01-15_01-26-58.xml ,xml
VHS 176517 CLIP 1.mov_report_2021-01-15_03-13-29.pdf ,pdf
VHS 176517 CLIP 1.mov_report_2021-01-15_03-13-29.xml ,xml
VHS 176517 CLIP 2.mov_report_2021-01-15_03-38-54.pdf ,pdf
VHS 176517 CLIP 2.mov_report_2021-01-15_03-38-54.xml ,xml
VHS 176517 CLIP 3.mov_report_2021-01-15_03-50-51.pdf ,pdf
VHS 176517 CLIP 3.mov_report_2021-01-15_03-50-51.xml ,xml
VHS 176517 CLIP 4.mov_report_2021-01-15_04-02-06.pdf ,pdf
VHS 176517 CLIP 4.mov_report_2021-01-15_04-02-06.xml ,xml
VHS 176517 CLIP 5.mov_report_2021-01-15_04-12-52.pdf ,pdf
VHS 176517 CLIP 5.mov_report_2021-01-15_04-12-52.xml ,xml
VHS 176518 CLIP 1.mov_report_2021-01-15_04-44-52.pdf ,pdf
VHS 176518 CLIP 1.mov_report_2021-01-15_04-44-52.xml ,xml
VHS 176518 CLIP 2.mov_report_2021-01-15_04-54-08.pdf ,pdf
VHS 176518 CLIP 2.mov_report_2021-01-15_04-54-08.xml ,xml
VHS 176518 CLIP 3.mov_report_2021-01-15_05-03-47.pdf ,pdf
VHS 176518 CLIP 3.mov_report_2021-01-15_05-03-47.xml ,xml
VHS 176518 CLIP 4.mov_report_2021-01-15_05-12-54.pdf ,pdf
VHS 176518 CLIP 4.mov_report_2021-01-15_05-12-54.xml ,xml
VHS 176518 CLIP 5.mov_report_2021-01-15_05-22-50.pdf ,pdf
VHS 176518 CLIP 5.mov_report_2021-01-15_05-22-50.xml ,xml
VHS 176518 CLIP 6.mov_report_2021-01-15_05-43-03.pdf ,pdf
VHS 176518 CLIP 6.mov_report_2021-01-15_05-43-03.xml ,xml
VHS 176518 CLIP 7.mov_report_2021-01-15_05-53-01.pdf ,pdf
VHS 176518 CLIP 7.mov_report_2021-01-15_05-53-01.xml ,xml
VHS 176518 CLIP 8.mov_report_2021-01-15_06-13-15.pdf ,pdf
VHS 176518 CLIP 8.mov_report_2021-01-15_06-13-15.xml ,xml
VHS 176519 CLIP 1.mov_report_2021-01-15_06-30-07.pdf ,pdf
VHS 176519 CLIP 1.mov_report_2021-01-15_06-30-07.xml ,xml
VHS 176519 CLIP 2.mov_report_2021-01-14_17-58-53.pdf ,pdf
VHS 176519 CLIP 2.mov_report_2021-01-14_17-58-53.xml ,xml
VHS 176519 CLIP 3.mov_report_2021-01-14_18-29-03.pdf ,pdf
VHS 176519 CLIP 3.mov_report_2021-01-14_18-29-03.xml ,xml
VHS 176519 CLIP 4.mov_report_2021-01-14_18-38-55.pdf ,pdf
VHS 176519 CLIP 4.mov_report_2021-01-14_18-38-55.xml ,xml
VHS 176519 CLIP 5.mov_report_2021-01-14_18-39-28.pdf ,pdf
VHS 176519 CLIP 5.mov_report_2021-01-14_18-39-28.xml ,xml
VHS 176520 CLIP 1.mov_report_2021-01-14_18-49-56.pdf ,pdf
VHS 176520 CLIP 1.mov_report_2021-01-14_18-49-56.xml ,xml
VHS 176520 CLIP 2.mov_report_2021-01-14_19-00-38.pdf ,pdf
VHS 176520 CLIP 2.mov_report_2021-01-14_19-00-38.xml ,xml
VHS 176520 CLIP 3.mov_report_2021-01-14_19-12-30.pdf ,pdf
VHS 176520 CLIP 3.mov_report_2021-01-14_19-12-30.xml ,xml
VHS 176520 CLIP 4.mov_report_2021-01-14_19-21-57.pdf ,pdf
VHS 176520 CLIP 4.mov_report_2021-01-14_19-21-57.xml ,xml
VHS 176520 CLIP 5.mov_report_2021-01-14_19-32-31.pdf ,pdf
VHS 176520 CLIP 5.mov_report_2021-01-14_19-32-31.xml ,xml
VHS 176520 CLIP 6.mov_report_2021-01-14_19-43-04.pdf ,pdf
VHS 176520 CLIP 6.mov_report_2021-01-14_19-43-04.xml ,xml
VHS 176520 CLIP 7.mov_report_2021-01-14_19-43-32.pdf ,pdf
VHS 176520 CLIP 7.mov_report_2021-01-14_19-43-32.xml ,xml
VHS 176521 CLIP 1.mov_report_2021-01-14_19-54-36.pdf ,pdf
VHS 176521 CLIP 1.mov_report_2021-01-14_19-54-36.xml ,xml
VHS 176521 CLIP 2.mov_report_2021-01-14_20-16-39.pdf ,pdf
VHS 176521 CLIP 2.mov_report_2021-01-14_20-16-39.xml ,xml
VHS 176521 CLIP 3.mov_report_2021-01-14_20-38-04.pdf ,pdf
VHS 176521 CLIP 3.mov_report_2021-01-14_20-38-04.xml ,xml
VHS 176521 CLIP 4.mov_report_2021-01-14_21-01-02.pdf ,pdf
VHS 176521 CLIP 4.mov_report_2021-01-14_21-01-02.xml ,xml
VHS 176521 CLIP 5.mov_report_2021-01-14_21-11-27.pdf ,pdf
VHS 176521 CLIP 5.mov_report_2021-01-14_21-11-27.xml ,xml
VHS 176521 CLIP 6.mov_report_2021-01-14_21-17-19.pdf ,pdf
VHS 176521 CLIP 6.mov_report_2021-01-14_21-17-19.xml ,xml
VHS 176521 CLIP 7.mov_report_2021-01-14_21-21-37.pdf ,pdf
VHS 176521 CLIP 7.mov_report_2021-01-14_21-21-37.xml ,xml
VHS 176521 CLIP 8.mov_report_2021-01-14_21-31-46.pdf ,pdf
VHS 176521 CLIP 8.mov_report_2021-01-14_21-31-46.xml ,xml
VHS 176521 CLIP 9.mov_report_2021-01-14_21-47-16.pdf ,pdf
VHS 176521 CLIP 9.mov_report_2021-01-14_21-47-16.xml ,xml
VHS 176521 CLIP 10.mov_report_2021-01-14_20-04-38.pdf ,pdf
VHS 176521 CLIP 10.mov_report_2021-01-14_20-04-38.xml ,xml
VHS 176522 CLIP 1.mov_report_2021-01-14_21-58-44.pdf ,pdf
VHS 176522 CLIP 1.mov_report_2021-01-14_21-58-44.xml ,xml
VHS 176522 CLIP 2.mov_report_2021-01-14_22-10-28.pdf ,pdf
VHS 176522 CLIP 2.mov_report_2021-01-14_22-10-28.xml ,xml
VHS 176522 CLIP 3.mov_report_2021-01-14_22-22-04.pdf ,pdf
VHS 176522 CLIP 3.mov_report_2021-01-14_22-22-04.xml ,xml
VHS 176522 CLIP 4.mov_report_2021-01-14_22-31-57.pdf ,pdf
VHS 176522 CLIP 4.mov_report_2021-01-14_22-31-57.xml ,xml
VHS 176522 CLIP 5.mov_report_2021-01-14_22-43-26.pdf ,pdf
VHS 176522 CLIP 5.mov_report_2021-01-14_22-43-26.xml ,xml
VHS 176522 CLIP 6.mov_report_2021-01-14_22-54-30.pdf ,pdf
VHS 176522 CLIP 6.mov_report_2021-01-14_22-54-30.xml ,xml
VHS 176522 CLIP 7.mov_report_2021-01-15_06-30-41.pdf ,pdf
VHS 176522 CLIP 7.mov_report_2021-01-15_06-30-41.xml ,xml
VHS 176523 CLIP 1.mov_report_2021-01-15_06-42-20.pdf ,pdf
VHS 176523 CLIP 1.mov_report_2021-01-15_06-42-20.xml ,xml
VHS 176523 CLIP 2.mov_report_2021-01-15_07-32-02.pdf ,pdf
VHS 176523 CLIP 2.mov_report_2021-01-15_07-32-02.xml ,xml
VHS 176523 CLIP 3.mov_report_2021-01-15_07-43-09.pdf ,pdf
VHS 176523 CLIP 3.mov_report_2021-01-15_07-43-09.xml ,xml
VHS 176523 CLIP 4.mov_report_2021-01-15_07-51-03.pdf ,pdf
VHS 176523 CLIP 4.mov_report_2021-01-15_07-51-03.xml ,xml
VHS 176523 CLIP 5.mov_report_2021-01-15_08-02-20.pdf ,pdf
VHS 176523 CLIP 5.mov_report_2021-01-15_08-02-20.xml ,xml
VHS 176523 CLIP 6.mov_report_2021-01-15_08-15-19.pdf ,pdf
VHS 176523 CLIP 6.mov_report_2021-01-15_08-15-19.xml ,xml
VHS 176523 CLIP 7.mov_report_2021-01-15_08-27-20.pdf ,pdf
VHS 176523 CLIP 7.mov_report_2021-01-15_08-27-20.xml ,xml
VHS 176523 CLIP 8.mov_report_2021-01-15_08-37-24.pdf ,pdf
VHS 176523 CLIP 8.mov_report_2021-01-15_08-37-24.xml ,xml
VHS 176523 CLIP 9.mov_report_2021-01-15_08-47-22.pdf ,pdf
VHS 176523 CLIP 9.mov_report_2021-01-15_08-47-22.xml ,xml
VHS 176524 CLIP 1.mov_report_2021-01-15_08-57-57.pdf ,pdf
VHS 176524 CLIP 1.mov_report_2021-01-15_08-57-57.xml ,xml
VHS 176524 CLIP 2.mov_report_2021-01-15_09-08-35.pdf ,pdf
VHS 176524 CLIP 2.mov_report_2021-01-15_09-08-35.xml ,xml
VHS 176524 CLIP 3.mov_report_2021-01-15_09-39-33.pdf ,pdf
VHS 176524 CLIP 3.mov_report_2021-01-15_09-39-33.xml ,xml
VHS 176524 CLIP 4.mov_report_2021-01-15_10-41-39.pdf ,pdf
VHS 176524 CLIP 4.mov_report_2021-01-15_10-41-39.xml ,xml
VHS 176525 CLIP 1.mov_report_2021-01-15_10-48-57.pdf ,pdf
VHS 176525 CLIP 1.mov_report_2021-01-15_10-48-57.xml ,xml
VHS 176525 CLIP 2.mov_report_2021-01-15_11-03-25.pdf ,pdf
VHS 176525 CLIP 2.mov_report_2021-01-15_11-03-25.xml ,xml
VHS 176525 CLIP 3.mov_report_2021-01-15_11-32-34.pdf ,pdf
VHS 176525 CLIP 3.mov_report_2021-01-15_11-32-34.xml ,xml
VHS 176525 CLIP 4.mov_report_2021-01-15_11-43-21.pdf ,pdf
VHS 176525 CLIP 4.mov_report_2021-01-15_11-43-21.xml ,xml
VHS 176525 CLIP 5.mov_report_2021-01-15_11-53-59.pdf ,pdf
VHS 176525 CLIP 5.mov_report_2021-01-15_11-53-59.xml ,xml
VHS 176525 CLIP 6.mov_report_2021-01-15_12-03-52.pdf ,pdf
VHS 176525 CLIP 6.mov_report_2021-01-15_12-03-52.xml ,xml
VHS 176525 CLIP 7.mov_report_2021-01-15_12-15-07.pdf ,pdf
VHS 176525 CLIP 7.mov_report_2021-01-15_12-15-07.xml ,xml
VHS 176525 CLIP 8.mov_report_2021-01-15_12-25-46.pdf ,pdf
VHS 176525 CLIP 8.mov_report_2021-01-15_12-25-46.xml ,xml
VHS 176525 CLIP 9.mov_report_2021-01-15_12-45-57.pdf ,pdf
VHS 176525 CLIP 9.mov_report_2021-01-15_12-45-57.xml ,xml
VHS 176525 CLIP 10.mov_report_2021-01-15_10-53-47.pdf ,pdf
VHS 176525 CLIP 10.mov_report_2021-01-15_10-53-47.xml ,xml
VHS 176526 CLIP 1.mov_report_2021-01-15_12-57-30.pdf ,pdf
VHS 176526 CLIP 1.mov_report_2021-01-15_12-57-30.xml ,xml
VHS 176526 CLIP 2.mov_report_2021-01-15_13-09-30.pdf ,pdf
VHS 176526 CLIP 2.mov_report_2021-01-15_13-09-30.xml ,xml
VHS 176526 CLIP 3.mov_report_2021-01-15_13-20-13.pdf ,pdf
VHS 176526 CLIP 3.mov_report_2021-01-15_13-20-13.xml ,xml
VHS 176526 CLIP 4.mov_report_2021-01-15_13-31-40.pdf ,pdf
VHS 176526 CLIP 4.mov_report_2021-01-15_13-31-40.xml ,xml
VHS 176526 CLIP 5.mov_report_2021-01-15_13-43-24.pdf ,pdf
VHS 176526 CLIP 5.mov_report_2021-01-15_13-43-24.xml ,xml
VHS 176526 CLIP 6.mov_report_2021-01-15_13-55-02.pdf ,pdf
VHS 176526 CLIP 6.mov_report_2021-01-15_13-55-02.xml ,xml
VHS 176526 CLIP 7.mov_report_2021-01-15_13-55-50.pdf ,pdf
VHS 176526 CLIP 7.mov_report_2021-01-15_13-55-50.xml ,xml
VHS 176527 CLIP 1.mov_report_2021-01-15_14-05-51.pdf ,pdf
VHS 176527 CLIP 1.mov_report_2021-01-15_14-05-51.xml ,xml
VHS 176527 CLIP 2.mov_report_2021-01-15_14-15-38.pdf ,pdf
VHS 176527 CLIP 2.mov_report_2021-01-15_14-15-38.xml ,xml
VHS 176527 CLIP 3.mov_report_2021-01-15_14-25-49.pdf ,pdf
VHS 176527 CLIP 3.mov_report_2021-01-15_14-25-49.xml ,xml
VHS 176527 CLIP 4.mov_report_2021-01-15_14-27-39.pdf ,pdf
VHS 176527 CLIP 4.mov_report_2021-01-15_14-27-39.xml ,xml
VHS 176527 CLIP 5.mov_report_2021-01-15_14-37-23.pdf ,pdf
VHS 176527 CLIP 5.mov_report_2021-01-15_14-37-23.xml ,xml
VHS 176527 CLIP 6.mov_report_2021-01-15_14-47-16.pdf ,pdf
VHS 176527 CLIP 6.mov_report_2021-01-15_14-47-16.xml ,xml
VHS 176527 CLIP 7.mov_report_2021-01-15_14-57-34.pdf ,pdf
VHS 176527 CLIP 7.mov_report_2021-01-15_14-57-34.xml ,xml
VHS 176527 CLIP 8.mov_report_2021-01-15_15-07-00.pdf ,pdf
VHS 176527 CLIP 8.mov_report_2021-01-15_15-07-00.xml ,xml
VHS 176527 CLIP 9.mov_report_2021-01-15_15-07-36.pdf ,pdf
VHS 176527 CLIP 9.mov_report_2021-01-15_15-07-36.xml ,xml
VHS 176528 CLIP 1.mov_report_2021-01-15_15-18-44.pdf ,pdf
VHS 176528 CLIP 1.mov_report_2021-01-15_15-18-44.xml ,xml
VHS 176528 CLIP 2.mov_report_2021-01-15_15-29-33.pdf ,pdf
VHS 176528 CLIP 2.mov_report_2021-01-15_15-29-33.xml ,xml
VHS 176528 CLIP 3.mov_report_2021-01-15_16-01-29.pdf ,pdf
VHS 176528 CLIP 3.mov_report_2021-01-15_16-01-29.xml ,xml
VHS 176528 CLIP 4.mov_report_2021-01-15_16-11-27.pdf ,pdf
VHS 176528 CLIP 4.mov_report_2021-01-15_16-11-27.xml ,xml
VHS 176528 CLIP 5.mov_report_2021-01-15_16-37-33.pdf ,pdf
VHS 176528 CLIP 5.mov_report_2021-01-15_16-37-33.xml ,xml
VHS 176529 CLIP 1.mov_report_2021-01-15_17-22-55.pdf ,pdf
VHS 176529 CLIP 1.mov_report_2021-01-15_17-22-55.xml ,xml
VHS 176529 CLIP 2.mov_report_2021-01-15_17-34-45.pdf ,pdf
VHS 176529 CLIP 2.mov_report_2021-01-15_17-34-45.xml ,xml
VHS 176529 CLIP 3.mov_report_2021-01-15_17-55-58.pdf ,pdf
VHS 176529 CLIP 3.mov_report_2021-01-15_17-55-58.xml ,xml
VHS 176529 CLIP 4.mov_report_2021-01-15_17-45-16.pdf ,pdf
VHS 176529 CLIP 4.mov_report_2021-01-15_17-45-16.xml ,xml
VHS 176529 CLIP 5.mov_report_2021-01-15_18-17-58.pdf ,pdf
VHS 176529 CLIP 5.mov_report_2021-01-15_18-17-58.xml ,xml
VHS 176529 CLIP 6.mov_report_2021-01-15_18-28-07.pdf ,pdf
VHS 176529 CLIP 6.mov_report_2021-01-15_18-28-07.xml ,xml
VHS 176529 CLIP 7.mov_report_2021-01-15_18-49-20.pdf ,pdf
VHS 176529 CLIP 7.mov_report_2021-01-15_18-49-20.xml ,xml
VHS 176530 CLIP 1.mov_report_2021-01-15_19-09-49.pdf ,pdf
VHS 176530 CLIP 1.mov_report_2021-01-15_19-09-49.xml ,xml
VHS 176530 CLIP 2.mov_report_2021-01-15_19-20-06.pdf ,pdf
VHS 176530 CLIP 2.mov_report_2021-01-15_19-20-06.xml ,xml
VHS 176530 CLIP 3.mov_report_2021-01-15_20-00-33.pdf ,pdf
VHS 176530 CLIP 3.mov_report_2021-01-15_20-00-33.xml ,xml
VHS 176530 CLIP 4.mov_report_2021-01-15_20-01-11.pdf ,pdf
VHS 176530 CLIP 4.mov_report_2021-01-15_20-01-11.xml ,xml
VHS 176531 CLIP 1.mov_report_2021-01-15_20-21-49.pdf ,pdf
VHS 176531 CLIP 1.mov_report_2021-01-15_20-21-49.xml ,xml
VHS 176531 CLIP 2.mov_report_2021-01-15_20-32-19.pdf ,pdf
VHS 176531 CLIP 2.mov_report_2021-01-15_20-32-19.xml ,xml
VHS 176531 CLIP 3.mov_report_2021-01-15_20-11-02.pdf ,pdf
VHS 176531 CLIP 3.mov_report_2021-01-15_20-11-02.xml ,xml
VHS 176531 CLIP 4.mov_report_2021-01-15_20-44-08.pdf ,pdf
VHS 176531 CLIP 4.mov_report_2021-01-15_20-44-08.xml ,xml
VHS 176531 CLIP 5.mov_report_2021-01-15_20-45-20.pdf ,pdf
VHS 176531 CLIP 5.mov_report_2021-01-15_20-45-20.xml ,xml
VHS 176531 CLIP 6.mov_report_2021-01-15_20-54-34.pdf ,pdf
VHS 176531 CLIP 6.mov_report_2021-01-15_20-54-34.xml ,xml
VHS 176531 CLIP 7.mov_report_2021-01-15_21-04-41.pdf ,pdf
VHS 176531 CLIP 7.mov_report_2021-01-15_21-04-41.xml ,xml
VHS 176531 CLIP 8.mov_report_2021-01-15_21-26-15.pdf ,pdf
VHS 176531 CLIP 8.mov_report_2021-01-15_21-26-15.xml ,xml
VHS 176532 CLIP 1.mov_report_2021-01-15_21-37-23.pdf ,pdf
VHS 176532 CLIP 1.mov_report_2021-01-15_21-37-23.xml ,xml
VHS 176532 CLIP 2.mov_report_2021-01-15_21-48-42.pdf ,pdf
VHS 176532 CLIP 2.mov_report_2021-01-15_21-48-42.xml ,xml
VHS 176532 CLIP 3.mov_report_2021-01-15_22-12-29.pdf ,pdf
VHS 176532 CLIP 3.mov_report_2021-01-15_22-12-29.xml ,xml
VHS 176532 CLIP 4.mov_report_2021-01-15_22-26-11.pdf ,pdf
VHS 176532 CLIP 4.mov_report_2021-01-15_22-26-11.xml ,xml
VHS 176532 CLIP 5.mov_report_2021-01-15_22-37-47.pdf ,pdf
VHS 176532 CLIP 5.mov_report_2021-01-15_22-37-47.xml ,xml
VHS 176532 CLIP 6.mov_report_2021-01-15_22-49-44.pdf ,pdf
VHS 176532 CLIP 6.mov_report_2021-01-15_22-49-44.xml ,xml
VHS 176532 CLIP 7.mov_report_2021-01-15_23-01-56.pdf ,pdf
VHS 176532 CLIP 7.mov_report_2021-01-15_23-01-56.xml ,xml
VHS 176895 CLIP 1.mov_report_2021-01-15_23-05-24.pdf ,pdf
VHS 176895 CLIP 1.mov_report_2021-01-15_23-05-24.xml ,xml
VHS 176895 CLIP 2.mov_report_2021-01-15_23-15-13.pdf ,pdf
VHS 176895 CLIP 2.mov_report_2021-01-15_23-15-13.xml ,xml
VHS 176895 CLIP 3.mov_report_2021-01-15_23-25-14.pdf ,pdf
VHS 176895 CLIP 3.mov_report_2021-01-15_23-25-14.xml ,xml
VHS 176895 CLIP 4.mov_report_2021-01-15_23-35-50.pdf ,pdf
VHS 176895 CLIP 4.mov_report_2021-01-15_23-35-50.xml ,xml
VHS 176895 CLIP 5.mov_report_2021-01-15_23-45-09.pdf ,pdf
VHS 176895 CLIP 5.mov_report_2021-01-15_23-45-09.xml ,xml
VHS 176895 CLIP 6.mov_report_2021-01-15_23-53-31.pdf ,pdf
VHS 176895 CLIP 6.mov_report_2021-01-15_23-53-31.xml ,xml
VHS 177061 CLIP 1.mov_report_2021-01-16_00-05-27.pdf ,pdf
VHS 177061 CLIP 1.mov_report_2021-01-16_00-05-27.xml ,xml
VHS 177061 CLIP 2.mov_report_2021-01-16_00-28-24.pdf ,pdf
VHS 177061 CLIP 2.mov_report_2021-01-16_00-28-24.xml ,xml
VHS 177061 CLIP 3.mov_report_2021-01-16_00-40-06.pdf ,pdf
VHS 177061 CLIP 3.mov_report_2021-01-16_00-40-06.xml ,xml
VHS 177061 CLIP 4.mov_report_2021-01-16_00-51-02.pdf ,pdf
VHS 177061 CLIP 4.mov_report_2021-01-16_00-51-02.xml ,xml
VHS 177061 CLIP 5.mov_report_2021-01-16_01-00-34.pdf ,pdf
VHS 177061 CLIP 5.mov_report_2021-01-16_01-00-34.xml ,xml
VHS 177061 CLIP 6.mov_report_2021-01-16_01-10-54.pdf ,pdf
VHS 177061 CLIP 6.mov_report_2021-01-16_01-10-54.xml ,xml
VHS 177061 CLIP 7.mov_report_2021-01-16_01-22-30.pdf ,pdf
VHS 177061 CLIP 7.mov_report_2021-01-16_01-22-30.xml ,xml
VHS 177061 CLIP 8.mov_report_2021-01-16_01-32-52.pdf ,pdf
VHS 177061 CLIP 8.mov_report_2021-01-16_01-32-52.xml ,xml
VHS 177061 CLIP 9.mov_report_2021-01-16_01-46-00.pdf ,pdf
VHS 177061 CLIP 9.mov_report_2021-01-16_01-46-00.xml ,xml
VHS 177061 CLIP 10.mov_report_2021-01-16_00-06-34.pdf ,pdf
VHS 177061 CLIP 10.mov_report_2021-01-16_00-06-34.xml ,xml
VHS 177090.mov_report_2021-01-16_02-06-21.pdf   ,pdf
VHS 177090.mov_report_2021-01-16_02-06-21.xml   ,xml
VHS 177164 CLIP 1.mov_report_2021-01-16_02-16-57.pdf ,pdf
VHS 177164 CLIP 1.mov_report_2021-01-16_02-16-57.xml ,xml
VHS 177164 CLIP 2.mov_report_2021-01-16_02-50-49.pdf ,pdf
VHS 177164 CLIP 2.mov_report_2021-01-16_02-50-49.xml ,xml
VHS 177164 CLIP 3.mov_report_2021-01-16_03-11-19.pdf ,pdf
VHS 177164 CLIP 3.mov_report_2021-01-16_03-11-19.xml ,xml
VHS 177164 CLIP 4.mov_report_2021-01-16_03-21-35.pdf ,pdf
VHS 177164 CLIP 4.mov_report_2021-01-16_03-21-35.xml ,xml
VHS 177164 CLIP 5.mov_report_2021-01-16_03-43-10.pdf ,pdf
VHS 177164 CLIP 5.mov_report_2021-01-16_03-43-10.xml ,xml
VHS 177164 CLIP 6.mov_report_2021-01-16_03-32-28.pdf ,pdf
VHS 177164 CLIP 6.mov_report_2021-01-16_03-32-28.xml ,xml
VHS 177164 CLIP 7.mov_report_2021-01-16_03-52-23.pdf ,pdf
VHS 177164 CLIP 7.mov_report_2021-01-16_03-52-23.xml ,xml
VHS 177164 CLIP 8.mov_report_2021-01-16_03-54-22.pdf ,pdf
VHS 177164 CLIP 8.mov_report_2021-01-16_03-54-22.xml ,xml
VHS 177164 CLIP 9.mov_report_2021-01-16_04-05-12.pdf ,pdf
VHS 177164 CLIP 9.mov_report_2021-01-16_04-05-12.xml ,xml
VHS 177164 CLIP 10.mov_report_2021-01-16_02-28-27.pdf ,pdf
VHS 177164 CLIP 10.mov_report_2021-01-16_02-28-27.xml ,xml
VHS 177164 CLIP 11.mov_report_2021-01-16_02-39-41.pdf ,pdf
VHS 177164 CLIP 11.mov_report_2021-01-16_02-39-41.xml ,xml
VHS 177214 CLIP 1.mov_report_2021-01-16_04-35-57.pdf ,pdf
VHS 177214 CLIP 1.mov_report_2021-01-16_04-35-57.xml ,xml
VHS 177214 CLIP 2.mov_report_2021-01-16_04-46-17.pdf ,pdf
VHS 177214 CLIP 2.mov_report_2021-01-16_04-46-17.xml ,xml
VHS 177214 CLIP 3.mov_report_2021-01-16_04-56-05.pdf ,pdf
VHS 177214 CLIP 3.mov_report_2021-01-16_04-56-05.xml ,xml
VHS 177214 CLIP 4.mov_report_2021-01-16_05-06-34.pdf ,pdf
VHS 177214 CLIP 4.mov_report_2021-01-16_05-06-34.xml ,xml
VHS 177214 CLIP 5.mov_report_2021-01-16_05-16-00.pdf ,pdf
VHS 177214 CLIP 5.mov_report_2021-01-16_05-16-00.xml ,xml
VHS 177214 CLIP 6.mov_report_2021-01-16_05-16-56.pdf ,pdf
VHS 177214 CLIP 6.mov_report_2021-01-16_05-16-56.xml ,xml
VHS 177395 CLIP 1.mov_report_2021-01-16_05-25-05.pdf ,pdf
VHS 177395 CLIP 1.mov_report_2021-01-16_05-25-05.xml ,xml
VHS 177395 CLIP 2.mov_report_2021-01-16_05-33-44.pdf ,pdf
VHS 177395 CLIP 2.mov_report_2021-01-16_05-33-44.xml ,xml
VHS 177395 CLIP 3.mov_report_2021-01-16_05-42-12.pdf ,pdf
VHS 177395 CLIP 3.mov_report_2021-01-16_05-42-12.xml ,xml
VHS 177395 CLIP 4.mov_report_2021-01-16_06-07-05.pdf ,pdf
VHS 177395 CLIP 4.mov_report_2021-01-16_06-07-05.xml ,xml
VHS 177407.mov_report_2021-01-16_05-58-27.pdf   ,pdf
VHS 177407.mov_report_2021-01-16_05-58-27.xml   ,xml
VHS 177408 CLIP 1.mov_report_2021-01-16_06-07-44.pdf ,pdf
VHS 177408 CLIP 1.mov_report_2021-01-16_06-07-44.xml ,xml
VHS 177408 CLIP 2.mov_report_2021-01-16_06-14-38.pdf ,pdf
VHS 177408 CLIP 2.mov_report_2021-01-16_06-14-38.xml ,xml
VHS 177458 CLIP 1.mov_report_2021-01-16_06-31-28.pdf ,pdf
VHS 177458 CLIP 1.mov_report_2021-01-16_06-31-28.xml ,xml
VHS 177458 CLIP 2.mov_report_2021-01-16_06-25-50.pdf ,pdf
VHS 177458 CLIP 2.mov_report_2021-01-16_06-25-50.xml ,xml
VHS 177458 CLIP 3.mov_report_2021-01-16_06-51-43.pdf ,pdf
VHS 177458 CLIP 3.mov_report_2021-01-16_06-51-43.xml ,xml
VHS 177458 CLIP 4.mov_report_2021-01-16_07-12-13.pdf ,pdf
VHS 177458 CLIP 4.mov_report_2021-01-16_07-12-13.xml ,xml
VHS 177458 CLIP 5.mov_report_2021-01-16_07-33-54.pdf ,pdf
VHS 177458 CLIP 5.mov_report_2021-01-16_07-33-54.xml ,xml
VHS 177458 CLIP 6.mov_report_2021-01-16_07-55-05.pdf ,pdf
VHS 177458 CLIP 6.mov_report_2021-01-16_07-55-05.xml ,xml
VHS 177458 CLIP 7.mov_report_2021-01-16_08-04-55.pdf ,pdf
VHS 177458 CLIP 7.mov_report_2021-01-16_08-04-55.xml ,xml
VHS 177458 CLIP 8.mov_report_2021-01-16_07-57-23.pdf ,pdf
VHS 177458 CLIP 8.mov_report_2021-01-16_07-57-23.xml ,xml
VHS 177896 CLIP 1.mov_report_2021-01-16_08-14-30.pdf ,pdf
VHS 177896 CLIP 1.mov_report_2021-01-16_08-14-30.xml ,xml
VHS 177896 CLIP 2.mov_report_2021-01-16_08-54-51.pdf ,pdf
VHS 177896 CLIP 2.mov_report_2021-01-16_08-54-51.xml ,xml
VHS 177896 CLIP 3.mov_report_2021-01-16_09-05-34.pdf ,pdf
VHS 177896 CLIP 3.mov_report_2021-01-16_09-05-34.xml ,xml
VHS 177896 CLIP 4.mov_report_2021-01-16_09-14-53.pdf ,pdf
VHS 177896 CLIP 4.mov_report_2021-01-16_09-14-53.xml ,xml
VHS 177896 CLIP 5.mov_report_2021-01-16_09-32-05.pdf ,pdf
VHS 177896 CLIP 5.mov_report_2021-01-16_09-32-05.xml ,xml
VHS 177896 CLIP 6.mov_report_2021-01-16_09-41-15.pdf ,pdf
VHS 177896 CLIP 6.mov_report_2021-01-16_09-41-15.xml ,xml
VHS 177896 CLIP 7.mov_report_2021-01-16_09-51-20.pdf ,pdf
VHS 177896 CLIP 7.mov_report_2021-01-16_09-51-20.xml ,xml
VHS 177896 CLIP 8.mov_report_2021-01-16_10-00-42.pdf ,pdf
VHS 177896 CLIP 8.mov_report_2021-01-16_10-00-42.xml ,xml
VHS 177896 CLIP 9.mov_report_2021-01-16_10-28-54.pdf ,pdf
VHS 177896 CLIP 9.mov_report_2021-01-16_10-28-54.xml ,xml
VHS 177896 CLIP 10.mov_report_2021-01-16_08-30-16.pdf ,pdf
VHS 177896 CLIP 10.mov_report_2021-01-16_08-30-16.xml ,xml
VHS 177896 CLIP 11.mov_report_2021-01-16_08-38-28.pdf ,pdf
VHS 177896 CLIP 11.mov_report_2021-01-16_08-38-28.xml ,xml
VHS 177896 CLIP 12.mov_report_2021-01-16_08-44-44.pdf ,pdf
VHS 177896 CLIP 12.mov_report_2021-01-16_08-44-44.xml ,xml
VHS 178090 CLIP 1.mov_report_2021-01-16_10-21-33.pdf ,pdf
VHS 178090 CLIP 1.mov_report_2021-01-16_10-21-33.xml ,xml
VHS 178090 CLIP 2.mov_report_2021-01-16_10-39-41.pdf ,pdf
VHS 178090 CLIP 2.mov_report_2021-01-16_10-39-41.xml ,xml
VHS 178090 CLIP 3.mov_report_2021-01-16_10-51-04.pdf ,pdf
VHS 178090 CLIP 3.mov_report_2021-01-16_10-51-04.xml ,xml
VHS 178090 CLIP 4.mov_report_2021-01-16_11-01-02.pdf ,pdf
VHS 178090 CLIP 4.mov_report_2021-01-16_11-01-02.xml ,xml
VHS 178090 CLIP 5.mov_report_2021-01-16_11-11-29.pdf ,pdf
VHS 178090 CLIP 5.mov_report_2021-01-16_11-11-29.xml ,xml
VHS 178090 CLIP 6.mov_report_2021-01-16_11-21-34.pdf ,pdf
VHS 178090 CLIP 6.mov_report_2021-01-16_11-21-34.xml ,xml
VHS 178090 CLIP 7.mov_report_2021-01-16_11-22-09.pdf ,pdf
VHS 178090 CLIP 7.mov_report_2021-01-16_11-22-09.xml ,xml
VHS 178116 CLIP 1.mov_report_2021-01-16_11-47-16.pdf ,pdf
VHS 178116 CLIP 1.mov_report_2021-01-16_11-47-16.xml ,xml
VHS 178116 CLIP 2.mov_report_2021-01-16_11-59-17.pdf ,pdf
VHS 178116 CLIP 2.mov_report_2021-01-16_11-59-17.xml ,xml
VHS 178116 CLIP 3.mov_report_2021-01-16_12-21-25.pdf ,pdf
VHS 178116 CLIP 3.mov_report_2021-01-16_12-21-25.xml ,xml
VHS 178116 CLIP 4.mov_report_2021-01-16_12-30-57.pdf ,pdf
VHS 178116 CLIP 4.mov_report_2021-01-16_12-30-57.xml ,xml
VHS 178116 CLIP 5.mov_report_2021-01-16_12-55-11.pdf ,pdf
VHS 178116 CLIP 5.mov_report_2021-01-16_12-55-11.xml ,xml
VHS 178128 CLIP 1.mov_report_2021-01-16_13-05-16.pdf ,pdf
VHS 178128 CLIP 1.mov_report_2021-01-16_13-05-16.xml ,xml
VHS 178128 CLIP 2.mov_report_2021-01-16_14-02-30.pdf ,pdf
VHS 178128 CLIP 2.mov_report_2021-01-16_14-02-30.xml ,xml
VHS 178128 CLIP 3.mov_report_2021-01-16_14-13-38.pdf ,pdf
VHS 178128 CLIP 3.mov_report_2021-01-16_14-13-38.xml ,xml
VHS 178128 CLIP 4.mov_report_2021-01-16_14-23-14.pdf ,pdf
VHS 178128 CLIP 4.mov_report_2021-01-16_14-23-14.xml ,xml
VHS 178128 CLIP 5.mov_report_2021-01-16_14-32-20.pdf ,pdf
VHS 178128 CLIP 5.mov_report_2021-01-16_14-32-20.xml ,xml
VHS 178128 CLIP 6.mov_report_2021-01-16_14-43-46.pdf ,pdf
VHS 178128 CLIP 6.mov_report_2021-01-16_14-43-46.xml ,xml
VHS 178128 CLIP 7.mov_report_2021-01-16_14-50-13.pdf ,pdf
VHS 178128 CLIP 7.mov_report_2021-01-16_14-50-13.xml ,xml
VHS 178128 CLIP 8.mov_report_2021-01-16_14-55-13.pdf ,pdf
VHS 178128 CLIP 8.mov_report_2021-01-16_14-55-13.xml ,xml
VHS 178128 CLIP 9.mov_report_2021-01-16_15-05-37.pdf ,pdf
VHS 178128 CLIP 9.mov_report_2021-01-16_15-05-37.xml ,xml
VHS 178128 CLIP 10.mov_report_2021-01-16_13-07-11.pdf ,pdf
VHS 178128 CLIP 10.mov_report_2021-01-16_13-07-11.xml ,xml
VHS 178128 CLIP 11.mov_report_2021-01-16_13-16-31.pdf ,pdf
VHS 178128 CLIP 11.mov_report_2021-01-16_13-16-31.xml ,xml
VHS 178128 CLIP 12.mov_report_2021-01-16_13-27-16.pdf ,pdf
VHS 178128 CLIP 12.mov_report_2021-01-16_13-27-16.xml ,xml
VHS 178128 CLIP 13.mov_report_2021-01-16_13-29-34.pdf ,pdf
VHS 178128 CLIP 13.mov_report_2021-01-16_13-29-34.xml ,xml
VHS 178128 CLIP 14.mov_report_2021-01-16_13-51-03.pdf ,pdf
VHS 178128 CLIP 14.mov_report_2021-01-16_13-51-03.xml ,xml
VHS 178128 CLIP 15.mov_report_2021-01-16_13-51-36.pdf ,pdf
VHS 178128 CLIP 15.mov_report_2021-01-16_13-51-36.xml ,xml
VHS 178131 CLIP 1.mov_report_2021-01-16_15-06-42.pdf ,pdf
VHS 178131 CLIP 1.mov_report_2021-01-16_15-06-42.xml ,xml
VHS 178131 CLIP 2.mov_report_2021-01-16_15-48-46.pdf ,pdf
VHS 178131 CLIP 2.mov_report_2021-01-16_15-48-46.xml ,xml
VHS 178131 CLIP 3.mov_report_2021-01-16_16-09-09.pdf ,pdf
VHS 178131 CLIP 3.mov_report_2021-01-16_16-09-09.xml ,xml
VHS 178131 CLIP 4.mov_report_2021-01-16_16-19-20.pdf ,pdf
VHS 178131 CLIP 4.mov_report_2021-01-16_16-19-20.xml ,xml
VHS 178131 CLIP 5.mov_report_2021-01-16_16-28-39.pdf ,pdf
VHS 178131 CLIP 5.mov_report_2021-01-16_16-28-39.xml ,xml
VHS 178131 CLIP 6.mov_report_2021-01-16_16-49-43.pdf ,pdf
VHS 178131 CLIP 6.mov_report_2021-01-16_16-49-43.xml ,xml
VHS 178131 CLIP 7.mov_report_2021-01-16_16-39-08.pdf ,pdf
VHS 178131 CLIP 7.mov_report_2021-01-16_16-39-08.xml ,xml
VHS 178131 CLIP 8.mov_report_2021-01-16_17-12-02.pdf ,pdf
VHS 178131 CLIP 8.mov_report_2021-01-16_17-12-02.xml ,xml
VHS 178131 CLIP 9.mov_report_2021-01-16_17-02-22.pdf ,pdf
VHS 178131 CLIP 9.mov_report_2021-01-16_17-02-22.xml ,xml
VHS 178131 CLIP 10.mov_report_2021-01-16_15-16-19.pdf ,pdf
VHS 178131 CLIP 10.mov_report_2021-01-16_15-16-19.xml ,xml
VHS 178131 CLIP 11.mov_report_2021-01-16_15-27-04.pdf ,pdf
VHS 178131 CLIP 11.mov_report_2021-01-16_15-27-04.xml ,xml
VHS 178131 CLIP 12.mov_report_2021-01-16_15-28-45.pdf ,pdf
VHS 178131 CLIP 12.mov_report_2021-01-16_15-28-45.xml ,xml
VHS 178277 CLIP 1.mov_report_2021-01-16_17-33-21.pdf ,pdf
VHS 178277 CLIP 1.mov_report_2021-01-16_17-33-21.xml ,xml
VHS 178277 CLIP 2.mov_report_2021-01-16_18-00-50.pdf ,pdf
VHS 178277 CLIP 2.mov_report_2021-01-16_18-00-50.xml ,xml
VHS 178277 CLIP 3.mov_report_2021-01-16_18-11-31.pdf ,pdf
VHS 178277 CLIP 3.mov_report_2021-01-16_18-11-31.xml ,xml
VHS 178277 CLIP 4.mov_report_2021-01-16_18-22-50.pdf ,pdf
VHS 178277 CLIP 4.mov_report_2021-01-16_18-22-50.xml ,xml
VHS 178277 CLIP 5.mov_report_2021-01-16_18-32-58.pdf ,pdf
VHS 178277 CLIP 5.mov_report_2021-01-16_18-32-58.xml ,xml
VHS 178277 CLIP 6.mov_report_2021-01-16_18-43-16.pdf ,pdf
VHS 178277 CLIP 6.mov_report_2021-01-16_18-43-16.xml ,xml
VHS 178277 CLIP 7.mov_report_2021-01-16_18-53-39.pdf ,pdf
VHS 178277 CLIP 7.mov_report_2021-01-16_18-53-39.xml ,xml
VHS 178277 CLIP 8.mov_report_2021-01-16_19-03-58.pdf ,pdf
VHS 178277 CLIP 8.mov_report_2021-01-16_19-03-58.xml ,xml
VHS 178277 CLIP 9.mov_report_2021-01-16_19-14-23.pdf ,pdf
VHS 178277 CLIP 9.mov_report_2021-01-16_19-14-23.xml ,xml
VHS 178277 CLIP 10.mov_report_2021-01-16_17-22-55.pdf ,pdf
VHS 178277 CLIP 10.mov_report_2021-01-16_17-22-55.xml ,xml
VHS 178277 CLIP 11.mov_report_2021-01-16_17-40-03.pdf ,pdf
VHS 178277 CLIP 11.mov_report_2021-01-16_17-40-03.xml ,xml
VHS 178277 CLIP 12.mov_report_2021-01-16_17-50-25.pdf ,pdf
VHS 178277 CLIP 12.mov_report_2021-01-16_17-50-25.xml ,xml
VHS 178330.mov_report_2021-01-16_19-15-52.pdf   ,pdf
VHS 178330.mov_report_2021-01-16_19-15-52.xml   ,xml
VHS 178400 CLIP 1.mov_report_2021-01-16_19-32-02.pdf ,pdf
VHS 178400 CLIP 1.mov_report_2021-01-16_19-32-02.xml ,xml
VHS 178400 CLIP 2.mov_report_2021-01-16_19-26-38.pdf ,pdf
VHS 178400 CLIP 2.mov_report_2021-01-16_19-26-38.xml ,xml
VHS 178400 CLIP 3.mov_report_2021-01-16_19-44-27.pdf ,pdf
VHS 178400 CLIP 3.mov_report_2021-01-16_19-44-27.xml ,xml
VHS 178400 CLIP 4.mov_report_2021-01-16_19-55-49.pdf ,pdf
VHS 178400 CLIP 4.mov_report_2021-01-16_19-55-49.xml ,xml
VHS 178400 CLIP 5.mov_report_2021-01-16_20-05-48.pdf ,pdf
VHS 178400 CLIP 5.mov_report_2021-01-16_20-05-48.xml ,xml
VHS 178400 CLIP 6.mov_report_2021-01-16_20-16-11.pdf ,pdf
VHS 178400 CLIP 6.mov_report_2021-01-16_20-16-11.xml ,xml
VHS 178400 CLIP 7.mov_report_2021-01-16_20-25-28.pdf ,pdf
VHS 178400 CLIP 7.mov_report_2021-01-16_20-25-28.xml ,xml
VHS 178400 CLIP 8.mov_report_2021-01-16_20-26-10.pdf ,pdf
VHS 178400 CLIP 8.mov_report_2021-01-16_20-26-10.xml ,xml
VHS 182847 CLIP 1.mov_report_2021-01-16_20-38-47.pdf ,pdf
VHS 182847 CLIP 1.mov_report_2021-01-16_20-38-47.xml ,xml
VHS 182847 CLIP 2.mov_report_2021-01-16_20-48-01.pdf ,pdf
VHS 182847 CLIP 2.mov_report_2021-01-16_20-48-01.xml ,xml
VHS 182847 CLIP 3.mov_report_2021-01-16_20-58-21.pdf ,pdf
VHS 182847 CLIP 3.mov_report_2021-01-16_20-58-21.xml ,xml
VHS 182847 CLIP 4.mov_report_2021-01-16_21-06-08.pdf ,pdf
VHS 182847 CLIP 4.mov_report_2021-01-16_21-06-08.xml ,xml
VHS 182847 CLIP 5.mov_report_2021-01-16_21-15-25.pdf ,pdf
VHS 182847 CLIP 5.mov_report_2021-01-16_21-15-25.xml ,xml
VHS 183256 CLIP 1.mov_report_2021-01-16_21-26-21.pdf ,pdf
VHS 183256 CLIP 1.mov_report_2021-01-16_21-26-21.xml ,xml
VHS 183256 CLIP 2.mov_report_2021-01-16_21-37-40.pdf ,pdf
VHS 183256 CLIP 2.mov_report_2021-01-16_21-37-40.xml ,xml
VHS 183256 CLIP 3.mov_report_2021-01-16_21-50-05.pdf ,pdf
VHS 183256 CLIP 3.mov_report_2021-01-16_21-50-05.xml ,xml
VHS 183256 CLIP 4.mov_report_2021-01-16_22-01-12.pdf ,pdf
VHS 183256 CLIP 4.mov_report_2021-01-16_22-01-12.xml ,xml
VHS 183256 CLIP 5.mov_report_2021-01-16_22-11-24.pdf ,pdf
VHS 183256 CLIP 5.mov_report_2021-01-16_22-11-24.xml ,xml
VHS 183256 CLIP 6.mov_report_2021-01-16_22-21-26.pdf ,pdf
VHS 183256 CLIP 6.mov_report_2021-01-16_22-21-26.xml ,xml
VHS 183256 CLIP 7.mov_report_2021-01-16_22-31-46.pdf ,pdf
VHS 183256 CLIP 7.mov_report_2021-01-16_22-31-46.xml ,xml
VHS 183256 CLIP 8.mov_report_2021-01-16_22-42-35.pdf ,pdf
VHS 183256 CLIP 8.mov_report_2021-01-16_22-42-35.xml ,xml
VHS 183338 CLIP 1.mov_report_2021-01-16_22-54-20.pdf ,pdf
VHS 183338 CLIP 1.mov_report_2021-01-16_22-54-20.xml ,xml
VHS 183338 CLIP 2.mov_report_2021-01-16_23-38-51.pdf ,pdf
VHS 183338 CLIP 2.mov_report_2021-01-16_23-38-51.xml ,xml
VHS 183338 CLIP 3.mov_report_2021-01-16_23-50-04.pdf ,pdf
VHS 183338 CLIP 3.mov_report_2021-01-16_23-50-04.xml ,xml
VHS 183338 CLIP 4.mov_report_2021-01-17_00-01-14.pdf ,pdf
VHS 183338 CLIP 4.mov_report_2021-01-17_00-01-14.xml ,xml
VHS 183338 CLIP 5.mov_report_2021-01-17_00-12-29.pdf ,pdf
VHS 183338 CLIP 5.mov_report_2021-01-17_00-12-29.xml ,xml
VHS 183338 CLIP 6.mov_report_2021-01-17_00-24-09.pdf ,pdf
VHS 183338 CLIP 6.mov_report_2021-01-17_00-24-09.xml ,xml
VHS 183338 CLIP 7.mov_report_2021-01-17_00-34-42.pdf ,pdf
VHS 183338 CLIP 7.mov_report_2021-01-17_00-34-42.xml ,xml
VHS 183338 CLIP 8.mov_report_2021-01-17_00-45-29.pdf ,pdf
VHS 183338 CLIP 8.mov_report_2021-01-17_00-45-29.xml ,xml
VHS 183338 CLIP 9.mov_report_2021-01-17_00-57-24.pdf ,pdf
VHS 183338 CLIP 9.mov_report_2021-01-17_00-57-24.xml ,xml
VHS 183338 CLIP 10.mov_report_2021-01-16_23-27-57.pdf ,pdf
VHS 183338 CLIP 10.mov_report_2021-01-16_23-27-57.xml ,xml
VHS 183338 CLIP 11.mov_report_2021-01-16_23-16-27.pdf ,pdf
VHS 183338 CLIP 11.mov_report_2021-01-16_23-16-27.xml ,xml
VHS 183338 CLIP 12.mov_report_2021-01-16_23-05-54.pdf ,pdf
VHS 183338 CLIP 12.mov_report_2021-01-16_23-05-54.xml ,xml
VHS 183374 CLIP 1.mov_report_2021-01-17_01-09-25.pdf ,pdf
VHS 183374 CLIP 1.mov_report_2021-01-17_01-09-25.xml ,xml
VHS 183374 CLIP 2.mov_report_2021-01-17_01-19-58.pdf ,pdf
VHS 183374 CLIP 2.mov_report_2021-01-17_01-19-58.xml ,xml
VHS 183374 CLIP 3.mov_report_2021-01-17_01-30-09.pdf ,pdf
VHS 183374 CLIP 3.mov_report_2021-01-17_01-30-09.xml ,xml
VHS 183374 CLIP 4.mov_report_2021-01-17_01-50-22.pdf ,pdf
VHS 183374 CLIP 4.mov_report_2021-01-17_01-50-22.xml ,xml
VHS 183374 CLIP 5.mov_report_2021-01-17_01-40-29.pdf ,pdf
VHS 183374 CLIP 5.mov_report_2021-01-17_01-40-29.xml ,xml
VHS 183374 CLIP 6.mov_report_2021-01-17_01-51-00.pdf ,pdf
VHS 183374 CLIP 6.mov_report_2021-01-17_01-51-00.xml ,xml
VHS 183374 CLIP 7.mov_report_2021-01-17_01-59-31.pdf ,pdf
VHS 183374 CLIP 7.mov_report_2021-01-17_01-59-31.xml ,xml
VHS 183374 CLIP 8.mov_report_2021-01-17_02-09-26.pdf ,pdf
VHS 183374 CLIP 8.mov_report_2021-01-17_02-09-26.xml ,xml
VHS 183374 CLIP 9.mov_report_2021-01-17_02-14-41.pdf ,pdf
VHS 183374 CLIP 9.mov_report_2021-01-17_02-14-41.xml ,xml
VHS 193433 CLIP 12.mov_report_2021-02-26_08-54-47.xml ,xml
VHS 193433 CLIP 12.mov_report_2021-02-26_08-54-47.pdf ,pdf
BTM 292401 CLIP 1.mov_report_2021-01-07_16-03-06.pdf ,pdf
BTM 292401 CLIP 1.mov_report_2021-01-07_16-03-06.xml ,xml
BTM 292401 CLIP 2.mov_report_2021-01-07_16-14-39.pdf ,pdf
BTM 292401 CLIP 2.mov_report_2021-01-07_16-14-39.xml ,xml
BTM 292401 CLIP 3.mov_report_2021-01-07_16-27-02.pdf ,pdf
BTM 292401 CLIP 3.mov_report_2021-01-07_16-27-02.xml ,xml
BTM 292401 CLIP 4.mov_report_2021-01-07_16-38-56.pdf ,pdf
BTM 292401 CLIP 4.mov_report_2021-01-07_16-38-56.xml ,xml
BTM 292401 CLIP 5.mov_report_2021-01-07_16-56-33.pdf ,pdf
BTM 292401 CLIP 5.mov_report_2021-01-07_16-56-33.xml ,xml
BTM 292401 CLIP 6.mov_report_2021-01-07_17-01-24.pdf ,pdf
BTM 292401 CLIP 6.mov_report_2021-01-07_17-01-24.xml ,xml
VHS 176511 CLIP 1.mov_report_2021-01-14_09-16-07.xml ,xml
VHS 183541 CLIP 1.mov_report_2021-01-07_17-14-59.pdf ,pdf
VHS 183541 CLIP 1.mov_report_2021-01-07_17-14-59.xml ,xml
VHS 183541 CLIP 2.mov_report_2021-01-07_18-56-03.pdf ,pdf
VHS 183541 CLIP 2.mov_report_2021-01-07_18-56-03.xml ,xml
VHS 183541 CLIP 3.mov_report_2021-01-07_19-18-41.pdf ,pdf
VHS 183541 CLIP 3.mov_report_2021-01-07_19-18-41.xml ,xml
VHS 183541 CLIP 4.mov_report_2021-01-07_19-31-29.pdf ,pdf
VHS 183541 CLIP 4.mov_report_2021-01-07_19-31-29.xml ,xml
VHS 183541 CLIP 5.mov_report_2021-01-07_19-39-11.pdf ,pdf
VHS 183541 CLIP 5.mov_report_2021-01-07_19-39-11.xml ,xml
VHS 183541 CLIP 6.mov_report_2021-01-07_19-52-05.pdf ,pdf
VHS 183541 CLIP 6.mov_report_2021-01-07_19-52-05.xml ,xml
VHS 183541 CLIP 7.mov_report_2021-01-07_20-02-58.pdf ,pdf
VHS 183541 CLIP 7.mov_report_2021-01-07_20-02-58.xml ,xml
VHS 183541 CLIP 8.mov_report_2021-01-07_20-13-09.pdf ,pdf
VHS 183541 CLIP 8.mov_report_2021-01-07_20-13-09.xml ,xml
VHS 183541 CLIP 9.mov_report_2021-01-07_20-23-17.pdf ,pdf
VHS 183541 CLIP 9.mov_report_2021-01-07_20-23-17.xml ,xml
VHS 183541 CLIP 10.mov_report_2021-01-07_18-43-36.pdf ,pdf
VHS 183541 CLIP 10.mov_report_2021-01-07_18-43-36.xml ,xml
VHS 183886 CLIP 1.mov_report_2021-01-07_20-40-45.pdf ,pdf
VHS 183886 CLIP 1.mov_report_2021-01-07_20-40-45.xml ,xml
VHS 183886 CLIP 2.mov_report_2021-01-07_21-30-30.pdf ,pdf
VHS 183886 CLIP 2.mov_report_2021-01-07_21-30-30.xml ,xml
VHS 183886 CLIP 3.mov_report_2021-01-07_21-42-12.pdf ,pdf
VHS 183886 CLIP 3.mov_report_2021-01-07_21-42-12.xml ,xml
VHS 183886 CLIP 4.mov_report_2021-01-07_21-55-21.pdf ,pdf
VHS 183886 CLIP 4.mov_report_2021-01-07_21-55-21.xml ,xml
VHS 183886 CLIP 5.mov_report_2021-01-07_22-08-47.pdf ,pdf
VHS 183886 CLIP 5.mov_report_2021-01-07_22-08-47.xml ,xml
VHS 183886 CLIP 6.mov_report_2021-01-07_22-31-46.pdf ,pdf
VHS 183886 CLIP 6.mov_report_2021-01-07_22-31-46.xml ,xml
VHS 183886 CLIP 7.mov_report_2021-01-07_17-44-32.pdf ,pdf
VHS 183886 CLIP 7.mov_report_2021-01-07_17-44-32.xml ,xml
VHS 183886 CLIP 8.mov_report_2021-01-07_18-14-13.pdf ,pdf
VHS 183886 CLIP 8.mov_report_2021-01-07_18-14-13.xml ,xml
VHS 183886 CLIP 9.mov_report_2021-01-07_18-01-13.pdf ,pdf
VHS 183886 CLIP 9.mov_report_2021-01-07_18-01-13.xml ,xml
VHS 183886 CLIP 10.mov_report_2021-01-07_20-53-45.pdf ,pdf
VHS 183886 CLIP 10.mov_report_2021-01-07_20-53-45.xml ,xml
VHS 183886 CLIP 11.mov_report_2021-01-07_21-06-49.pdf ,pdf
VHS 183886 CLIP 11.mov_report_2021-01-07_21-06-49.xml ,xml
VHS 183886 CLIP 12.mov_report_2021-01-07_21-18-44.pdf ,pdf
VHS 183886 CLIP 12.mov_report_2021-01-07_21-18-44.xml ,xml
VHS 183971 CLIP 1.mov_report_2021-01-07_17-28-17.pdf ,pdf
VHS 183971 CLIP 1.mov_report_2021-01-07_17-28-17.xml ,xml
VHS 183971 CLIP 2.mov_report_2021-01-07_22-53-21.pdf ,pdf
VHS 183971 CLIP 2.mov_report_2021-01-07_22-53-21.xml ,xml
VHS 183971 CLIP 3.mov_report_2021-01-07_23-04-41.pdf ,pdf
VHS 183971 CLIP 3.mov_report_2021-01-07_23-04-41.xml ,xml
VHS 183971 CLIP 4.mov_report_2021-01-07_23-17-15.pdf ,pdf
VHS 183971 CLIP 4.mov_report_2021-01-07_23-17-15.xml ,xml
VHS 183971 CLIP 5.mov_report_2021-01-07_23-29-29.pdf ,pdf
VHS 183971 CLIP 5.mov_report_2021-01-07_23-29-29.xml ,xml
VHS 183971 CLIP 6.mov_report_2021-01-07_23-40-31.pdf ,pdf
VHS 183971 CLIP 6.mov_report_2021-01-07_23-40-31.xml ,xml
VHS 183971 CLIP 7.mov_report_2021-01-07_23-51-38.pdf ,pdf
VHS 183971 CLIP 7.mov_report_2021-01-07_23-51-38.xml ,xml
VHS 183971 CLIP 8.mov_report_2021-01-08_00-02-22.pdf ,pdf
VHS 183971 CLIP 8.mov_report_2021-01-08_00-02-22.xml ,xml
VHS 183971 CLIP 9.mov_report_2021-01-08_00-24-31.pdf ,pdf
VHS 183971 CLIP 9.mov_report_2021-01-08_00-24-31.xml ,xml
VHS 183971 CLIP 10.mov_report_2021-01-07_18-20-22.pdf ,pdf
VHS 183971 CLIP 10.mov_report_2021-01-07_18-20-22.xml ,xml
VHS 183971 CLIP 11.mov_report_2021-01-07_22-19-16.pdf ,pdf
VHS 183971 CLIP 11.mov_report_2021-01-07_22-19-16.xml ,xml
VHS 183971 CLIP 12.mov_report_2021-01-07_22-43-29.pdf ,pdf
VHS 183971 CLIP 12.mov_report_2021-01-07_22-43-29.xml ,xml
VHS 184062 CLIP 1.mov_report_2021-01-08_00-13-52.pdf ,pdf
VHS 184062 CLIP 1.mov_report_2021-01-08_00-13-52.xml ,xml
VHS 184062 CLIP 2.mov_report_2021-01-08_00-36-18.pdf ,pdf
VHS 184062 CLIP 2.mov_report_2021-01-08_00-36-18.xml ,xml
VHS 184062 CLIP 3.mov_report_2021-01-08_00-59-21.pdf ,pdf
VHS 184062 CLIP 3.mov_report_2021-01-08_00-59-21.xml ,xml
VHS 184062 CLIP 4.mov_report_2021-01-08_01-45-16.pdf ,pdf
VHS 184062 CLIP 4.mov_report_2021-01-08_01-45-16.xml ,xml
VHS 184212 CLIP 1.mov_report_2021-01-08_01-45-57.pdf ,pdf
VHS 184212 CLIP 1.mov_report_2021-01-08_01-45-57.xml ,xml
VHS 184212 CLIP 2.mov_report_2021-01-08_01-56-20.pdf ,pdf
VHS 184212 CLIP 2.mov_report_2021-01-08_01-56-20.xml ,xml
VHS 184224 CLIP 1.mov_report_2021-01-08_02-19-26.pdf ,pdf
VHS 184224 CLIP 1.mov_report_2021-01-08_02-19-26.xml ,xml
VHS 184224 CLIP 2.mov_report_2021-01-08_02-30-47.pdf ,pdf
VHS 184224 CLIP 2.mov_report_2021-01-08_02-30-47.xml ,xml
VHS 184224 CLIP 3.mov_report_2021-01-08_03-01-06.pdf ,pdf
VHS 184224 CLIP 3.mov_report_2021-01-08_03-01-06.xml ,xml
VHS 184224 CLIP 4.mov_report_2021-01-08_03-12-52.pdf ,pdf
VHS 184224 CLIP 4.mov_report_2021-01-08_03-12-52.xml ,xml
VHS 184224 CLIP 5.mov_report_2021-01-08_03-13-30.pdf ,pdf
VHS 184224 CLIP 5.mov_report_2021-01-08_03-13-30.xml ,xml
VHS 185003 CLIP 1.mov_report_2021-01-08_03-34-15.pdf ,pdf
VHS 185003 CLIP 1.mov_report_2021-01-08_03-34-15.xml ,xml
VHS 185003 CLIP 2.mov_report_2021-01-08_03-45-57.pdf ,pdf
VHS 185003 CLIP 2.mov_report_2021-01-08_03-45-57.xml ,xml
VHS 185003 CLIP 3.mov_report_2021-01-08_03-57-07.pdf ,pdf
VHS 185003 CLIP 3.mov_report_2021-01-08_03-57-07.xml ,xml
VHS 185003 CLIP 4.mov_report_2021-01-08_04-10-34.pdf ,pdf
VHS 185003 CLIP 4.mov_report_2021-01-08_04-10-34.xml ,xml
VHS 185003 CLIP 5.mov_report_2021-01-08_04-23-16.pdf ,pdf
VHS 185003 CLIP 5.mov_report_2021-01-08_04-23-16.xml ,xml
VHS 185003 CLIP 6.mov_report_2021-01-08_04-33-26.pdf ,pdf
VHS 185003 CLIP 6.mov_report_2021-01-08_04-33-26.xml ,xml
VHS 185003 CLIP 7.mov_report_2021-01-08_04-44-15.pdf ,pdf
VHS 185003 CLIP 7.mov_report_2021-01-08_04-44-15.xml ,xml
VHS 185003 CLIP 8.mov_report_2021-01-08_05-04-47.pdf ,pdf
VHS 185003 CLIP 8.mov_report_2021-01-08_05-04-47.xml ,xml
VHS 185003 CLIP 9.mov_report_2021-01-08_05-22-35.pdf ,pdf
VHS 185003 CLIP 9.mov_report_2021-01-08_05-22-35.xml ,xml
VHS 185371 CLIP 1.mov_report_2021-01-08_05-24-05.pdf ,pdf
VHS 185371 CLIP 1.mov_report_2021-01-08_05-24-05.xml ,xml
VHS 185371 CLIP 2.mov_report_2021-01-08_05-41-49.pdf ,pdf
VHS 185371 CLIP 2.mov_report_2021-01-08_05-41-49.xml ,xml
VHS 185371 CLIP 3.mov_report_2021-01-08_06-29-29.pdf ,pdf
VHS 185371 CLIP 3.mov_report_2021-01-08_06-29-29.xml ,xml
VHS 185371 CLIP 4.mov_report_2021-01-08_06-57-08.pdf ,pdf
VHS 185371 CLIP 4.mov_report_2021-01-08_06-57-08.xml ,xml
VHS 187228 CLIP 1.mov_report_2021-01-08_07-08-09.pdf ,pdf
VHS 187228 CLIP 1.mov_report_2021-01-08_07-08-09.xml ,xml
VHS 187228 CLIP 2.mov_report_2021-01-08_08-03-26.pdf ,pdf
VHS 187228 CLIP 2.mov_report_2021-01-08_08-03-26.xml ,xml
VHS 187228 CLIP 3.mov_report_2021-01-08_07-31-28.pdf ,pdf
VHS 187228 CLIP 3.mov_report_2021-01-08_07-31-28.xml ,xml
VHS 187228 CLIP 4.mov_report_2021-01-08_07-20-23.pdf ,pdf
VHS 187228 CLIP 4.mov_report_2021-01-08_07-20-23.xml ,xml
VHS 187228 CLIP 5.mov_report_2021-01-08_07-42-29.pdf ,pdf
VHS 187228 CLIP 5.mov_report_2021-01-08_07-42-29.xml ,xml
VHS 187228 CLIP 6.mov_report_2021-01-08_07-53-09.pdf ,pdf
VHS 187228 CLIP 6.mov_report_2021-01-08_07-53-09.xml ,xml
VHS 187228 CLIP 7.mov_report_2021-01-08_08-14-14.pdf ,pdf
VHS 187228 CLIP 7.mov_report_2021-01-08_08-14-14.xml ,xml
VHS 187476 CLIP 1.mov_report_2021-01-08_08-27-08.pdf ,pdf
VHS 187476 CLIP 1.mov_report_2021-01-08_08-27-08.xml ,xml
VHS 187476 CLIP 2.mov_report_2021-01-08_08-40-19.pdf ,pdf
VHS 187476 CLIP 2.mov_report_2021-01-08_08-40-19.xml ,xml
VHS 187476 CLIP 3.mov_report_2021-01-08_08-53-27.pdf ,pdf
VHS 187476 CLIP 3.mov_report_2021-01-08_08-53-27.xml ,xml
VHS 187476 CLIP 4.mov_report_2021-01-08_09-06-49.pdf ,pdf
VHS 187476 CLIP 4.mov_report_2021-01-08_09-06-49.xml ,xml
VHS 187476 CLIP 5.mov_report_2021-01-08_09-08-54.pdf ,pdf
VHS 187476 CLIP 5.mov_report_2021-01-08_09-08-54.xml ,xml
VHS 187639.mov_report_2021-01-08_09-23-37.pdf   ,pdf
VHS 187639.mov_report_2021-01-08_09-23-37.xml   ,xml
VHS 187659.mov_report_2021-01-08_09-32-52.pdf   ,pdf
VHS 187659.mov_report_2021-01-08_09-32-52.xml   ,xml
VHS 189119 CLIP 1.mov_report_2021-01-08_09-44-12.pdf ,pdf
VHS 189119 CLIP 1.mov_report_2021-01-08_09-44-12.xml ,xml
VHS 189119 CLIP 2.mov_report_2021-01-08_09-55-29.pdf ,pdf
VHS 189119 CLIP 2.mov_report_2021-01-08_09-55-29.xml ,xml
VHS 189119 CLIP 3.mov_report_2021-01-08_10-07-29.pdf ,pdf
VHS 189119 CLIP 3.mov_report_2021-01-08_10-07-29.xml ,xml
VHS 189119 CLIP 4.mov_report_2021-01-08_10-20-05.pdf ,pdf
VHS 189119 CLIP 4.mov_report_2021-01-08_10-20-05.xml ,xml
VHS 189119 CLIP 5.mov_report_2021-01-08_10-31-30.pdf ,pdf
VHS 189119 CLIP 5.mov_report_2021-01-08_10-31-30.xml ,xml
VHS 189282 CLIP 1.mov_report_2021-01-08_10-42-48.pdf ,pdf
VHS 189282 CLIP 1.mov_report_2021-01-08_10-42-48.xml ,xml
VHS 189282 CLIP 2.mov_report_2021-01-08_10-53-34.pdf ,pdf
VHS 189282 CLIP 2.mov_report_2021-01-08_10-53-34.xml ,xml
VHS 189282 CLIP 3.mov_report_2021-01-08_11-07-01.pdf ,pdf
VHS 189282 CLIP 3.mov_report_2021-01-08_11-07-01.xml ,xml
VHS 189282 CLIP 4.mov_report_2021-01-08_11-19-33.pdf ,pdf
VHS 189282 CLIP 4.mov_report_2021-01-08_11-19-33.xml ,xml
VHS 189282 CLIP 5.mov_report_2021-01-08_11-44-41.pdf ,pdf
VHS 189282 CLIP 5.mov_report_2021-01-08_11-44-41.xml ,xml
VHS 189282 CLIP 6.mov_report_2021-01-08_12-21-59.pdf ,pdf
VHS 189282 CLIP 6.mov_report_2021-01-08_12-21-59.xml ,xml
VHS 189282 CLIP 7.mov_report_2021-01-08_13-02-50.pdf ,pdf
VHS 189282 CLIP 7.mov_report_2021-01-08_13-02-50.xml ,xml
VHS 189282 CLIP 8.mov_report_2021-01-08_13-03-50.pdf ,pdf
VHS 189282 CLIP 8.mov_report_2021-01-08_13-03-50.xml ,xml
VHS 191256 CLIP 1.mov_report_2021-01-08_13-17-25.pdf ,pdf
VHS 191256 CLIP 1.mov_report_2021-01-08_13-17-25.xml ,xml
VHS 191256 CLIP 2.mov_report_2021-01-08_13-28-40.pdf ,pdf
VHS 191256 CLIP 2.mov_report_2021-01-08_13-28-40.xml ,xml
VHS 191256 CLIP 3.mov_report_2021-01-08_13-40-51.pdf ,pdf
VHS 191256 CLIP 3.mov_report_2021-01-08_13-40-51.xml ,xml
VHS 191256 CLIP 4.mov_report_2021-01-08_13-52-29.pdf ,pdf
VHS 191256 CLIP 4.mov_report_2021-01-08_13-52-29.xml ,xml
VHS 191256 CLIP 5.mov_report_2021-01-08_13-53-10.pdf ,pdf
VHS 191256 CLIP 5.mov_report_2021-01-08_13-53-10.xml ,xml
VHS 191595.mov_report_2021-01-08_13-54-43.pdf   ,pdf
VHS 191595.mov_report_2021-01-08_13-54-43.xml   ,xml
VHS 191628 CLIP 1.mov_report_2021-01-08_14-15-38.pdf ,pdf
VHS 191628 CLIP 1.mov_report_2021-01-08_14-15-38.xml ,xml
VHS 191628 CLIP 2.mov_report_2021-01-08_14-29-47.pdf ,pdf
VHS 191628 CLIP 2.mov_report_2021-01-08_14-29-47.xml ,xml
VHS 191628 CLIP 3.mov_report_2021-01-08_14-50-56.pdf ,pdf
VHS 191628 CLIP 3.mov_report_2021-01-08_14-50-56.xml ,xml
VHS 191628 CLIP 4.mov_report_2021-01-08_15-11-11.pdf ,pdf
VHS 191628 CLIP 4.mov_report_2021-01-08_15-11-11.xml ,xml
VHS 191628 CLIP 5.mov_report_2021-01-08_15-41-02.pdf ,pdf
VHS 191628 CLIP 5.mov_report_2021-01-08_15-41-02.xml ,xml
VHS 191628 CLIP 6.mov_report_2021-01-08_15-31-32.pdf ,pdf
VHS 191628 CLIP 6.mov_report_2021-01-08_15-31-32.xml ,xml
VHS 191628 CLIP 7.mov_report_2021-01-08_15-21-29.pdf ,pdf
VHS 191628 CLIP 7.mov_report_2021-01-08_15-21-29.xml ,xml
VHS 191628 CLIP 8.mov_report_2021-01-08_15-51-06.pdf ,pdf
VHS 191628 CLIP 8.mov_report_2021-01-08_15-51-06.xml ,xml
VHS 191628 CLIP 9.mov_report_2021-01-08_16-00-17.pdf ,pdf
VHS 191628 CLIP 9.mov_report_2021-01-08_16-00-17.xml ,xml
VHS 191628 CLIP 10.mov_report_2021-01-08_14-04-42.pdf ,pdf
VHS 191628 CLIP 10.mov_report_2021-01-08_14-04-42.xml ,xml
VHS 191628 CLIP 11.mov_report_2021-01-08_14-19-10.pdf ,pdf
VHS 191628 CLIP 11.mov_report_2021-01-08_14-19-10.xml ,xml
VHS 191692.mov_report_2021-01-08_16-13-06.pdf   ,pdf
VHS 191692.mov_report_2021-01-08_16-13-06.xml   ,xml
VHS 191745.mov_report_2021-01-08_16-20-19.pdf   ,pdf
VHS 191745.mov_report_2021-01-08_16-20-19.xml   ,xml
VHS 191938.mov_report_2021-01-08_16-44-11.pdf   ,pdf
VHS 191938.mov_report_2021-01-08_16-44-11.xml   ,xml
VHS 192432.mov_report_2021-01-08_17-17-13.pdf   ,pdf
VHS 192432.mov_report_2021-01-08_17-17-13.xml   ,xml
VHS 192470 CLIP 1.mov_report_2021-01-08_16-53-09.pdf ,pdf
VHS 192470 CLIP 1.mov_report_2021-01-08_16-53-09.xml ,xml
VHS 192470 CLIP 2.mov_report_2021-01-08_17-42-49.pdf ,pdf
VHS 192470 CLIP 2.mov_report_2021-01-08_17-42-49.xml ,xml
VHS 192470 CLIP 3.mov_report_2021-01-08_17-50-46.pdf ,pdf
VHS 192470 CLIP 3.mov_report_2021-01-08_17-50-46.xml ,xml
VHS 192470 CLIP 4.mov_report_2021-01-08_17-59-16.pdf ,pdf
VHS 192470 CLIP 4.mov_report_2021-01-08_17-59-16.xml ,xml
VHS 192470 CLIP 5.mov_report_2021-01-08_18-15-55.pdf ,pdf
VHS 192470 CLIP 5.mov_report_2021-01-08_18-15-55.xml ,xml
VHS 192470 CLIP 6.mov_report_2021-01-08_18-24-15.pdf ,pdf
VHS 192470 CLIP 6.mov_report_2021-01-08_18-24-15.xml ,xml
VHS 192470 CLIP 7.mov_report_2021-01-08_18-32-10.pdf ,pdf
VHS 192470 CLIP 7.mov_report_2021-01-08_18-32-10.xml ,xml
VHS 192470 CLIP 8.mov_report_2021-01-08_18-40-33.pdf ,pdf
VHS 192470 CLIP 8.mov_report_2021-01-08_18-40-33.xml ,xml
VHS 192470 CLIP 9.mov_report_2021-01-08_18-48-38.pdf ,pdf
VHS 192470 CLIP 9.mov_report_2021-01-08_18-48-38.xml ,xml
VHS 192470 CLIP 10.mov_report_2021-01-08_17-25-13.pdf ,pdf
VHS 192470 CLIP 10.mov_report_2021-01-08_17-25-13.xml ,xml
VHS 192470 CLIP 11.mov_report_2021-01-08_17-33-00.pdf ,pdf
VHS 192470 CLIP 11.mov_report_2021-01-08_17-33-00.xml ,xml
VHS 192470 CLIP 12.mov_report_2021-01-08_17-34-43.pdf ,pdf
VHS 192470 CLIP 12.mov_report_2021-01-08_17-34-43.xml ,xml
VHS 193224.mov_report_2021-01-08_18-51-17.pdf   ,pdf
VHS 193224.mov_report_2021-01-08_18-51-17.xml   ,xml
VHS 193242.mov_report_2021-01-08_19-01-13.pdf   ,pdf
VHS 193242.mov_report_2021-01-08_19-01-13.xml   ,xml
VHS 193291 CLIP 1.mov_report_2021-01-08_19-18-50.pdf ,pdf
VHS 193291 CLIP 1.mov_report_2021-01-08_19-18-50.xml ,xml
VHS 193291 CLIP 2.mov_report_2021-01-08_19-21-55.pdf ,pdf
VHS 193291 CLIP 2.mov_report_2021-01-08_19-21-55.xml ,xml
VHS 193291 CLIP 3.mov_report_2021-01-08_19-46-57.pdf ,pdf
VHS 193291 CLIP 3.mov_report_2021-01-08_19-46-57.xml ,xml
VHS 193291 CLIP 4.mov_report_2021-01-08_20-17-27.pdf ,pdf
VHS 193291 CLIP 4.mov_report_2021-01-08_20-17-27.xml ,xml
VHS 193291 CLIP 5.mov_report_2021-01-08_20-00-58.pdf ,pdf
VHS 193291 CLIP 5.mov_report_2021-01-08_20-00-58.xml ,xml
VHS 193427.mov_report_2021-01-08_20-34-55.pdf   ,pdf
VHS 193427.mov_report_2021-01-08_20-34-55.xml   ,xml
D2 600533.mov   ,mov
D2 600715.mov   ,mov
D2 600793.mov   ,mov
D2 600859.mov   ,mov
D2 600864.mov   ,mov
D2 600865.mov   ,mov
D2 600891.mov   ,mov
D2 600950.mov   ,mov
D2 600952.mov   ,mov
D2 600957.mov   ,mov
D2 600958.mov   ,mov
D2 600960.mov   ,mov
D2 600963.mov   ,mov
D2 600964.mov   ,mov
D2 600965.mov   ,mov
D2 600967.mov   ,mov
D2 600970.mov   ,mov
D2 600971.mov   ,mov
D2 600972.mov   ,mov
D2 600973.mov   ,mov
D2 600974.mov   ,mov
D2 600977.mov   ,mov
D2 600978.mov   ,mov
D2 600980.mov   ,mov
D2 600983.mov   ,mov
D2 600984.mov   ,mov
D2 600986.mov   ,mov
D2 600987.mov   ,mov
D2 600988 CLIP 2.mov ,mov
D2 600991.mov   ,mov
D2 600993.mov   ,mov
D2 600997.mov   ,mov
D2 601000.mov   ,mov
D2 601002.mov   ,mov
D2 601003.mov   ,mov
D2 601008.mov   ,mov
D2 601009.mov   ,mov
D2 601011.mov   ,mov
D2 601014.mov   ,mov
D2 601015.mov   ,mov
D2 601018.mov   ,mov
D2 601019.mov   ,mov
D2 601020.mov   ,mov
D2 601030.mov   ,mov
D2 601031.mov   ,mov
D2 601032.mov   ,mov
D2 601033.mov   ,mov
D2 601034.mov   ,mov
D2 601041.mov   ,mov
D2 601042.mov   ,mov
D2 601043.mov   ,mov
D2 601044.mov   ,mov
D2 601045.mov   ,mov
D2 601049.mov   ,mov
D2 601052.mov   ,mov
D2 601053 CLIP 1.mov ,mov
D2 601053 CLIP 2.mov ,mov
D2 601055 CLIP 2.mov ,mov
D2 601056.mov   ,mov
D2 601059.mov   ,mov
D2 601067.mov   ,mov
D2 601070.mov   ,mov
D2 601076.mov   ,mov
D2 601077.mov   ,mov
D2 601078.mov   ,mov
D2 601079.mov   ,mov
D2 601080.mov   ,mov
D2 601082.mov   ,mov
D2 601084.mov   ,mov
D2 601085.mov   ,mov
D2 601088.mov   ,mov
D2 601090.mov   ,mov
D2 601091.mov   ,mov
D2 601093.mov   ,mov
D2 601095.mov   ,mov
D2 601097.mov   ,mov
D2 601098.mov   ,mov
D2 601101.mov   ,mov
D2 601102.mov   ,mov
D2 601104.mov   ,mov
D2 601105.mov   ,mov
D2 601106.mov   ,mov
D2 601107.mov   ,mov
D2 601109.mov   ,mov
D2 601064.mov   ,mov
D2 600999.mov   ,mov
D2 600959.mov   ,mov
D2 601025.mov   ,mov
D2 600397.mov   ,mov
D2 600982.mov   ,mov
D2 600976.mov   ,mov
D2 601086.mov   ,mov
D2 600998.mov   ,mov
D2 601012.mov   ,mov
D2 600691.mov   ,mov
D2 600532.mov   ,mov
D2 600955.mov   ,mov
D2 600990.mov   ,mov
D2 601035.mov   ,mov
D2 600969.mov   ,mov
D2 601055 CLIP 1.mov ,mov
D2 601037.mov   ,mov
D2 601016.mov   ,mov
D2 601054.mov   ,mov
D2 600989.mov   ,mov
D2 600994.mov   ,mov
D2 600948.mov   ,mov
D2 600995.mov   ,mov
D2 601024.mov   ,mov
D2 601089.mov   ,mov
D2 600561.mov   ,mov
D2 600954.mov   ,mov
D2 600947.mov   ,mov
D2 600992.mov   ,mov
D2 600975.mov   ,mov
D2 601060 CLIP 1.mov ,mov
D2 600448.mov   ,mov
D2 600705.mov   ,mov
D2 600988 CLIP 1.mov ,mov
D2 601081.mov   ,mov
D2 601087.mov   ,mov
D2 601108.mov   ,mov
D2 601051.mov   ,mov
D2 601092.mov   ,mov
D2 600584.mov   ,mov
D2 601060 CLIP 2.mov ,mov
D2 601022.mov   ,mov
D2 600966.mov   ,mov
D2 601094.mov   ,mov
D2 600956.mov   ,mov
D2 600979.mov   ,mov
D2 601066.mov   ,mov
D2 601006.mov   ,mov
D2 601028.mov   ,mov
D2 600985.mov   ,mov
D2 601100.mov   ,mov
D2 601021.mov   ,mov
D2 600951.mov   ,mov
D2 601069.mov   ,mov
D2 601013.mov   ,mov
D2 601103 CLIP 1.mov ,mov
D2 601036.mov   ,mov
D2 601099.mov   ,mov
D2 600996.mov   ,mov
D2 600651.mov   ,mov
D2 601075.mov   ,mov
D2 600968.mov   ,mov
D2 600961.mov   ,mov
D2 601047.mov   ,mov
D2 601029.mov   ,mov
D2 601068.mov   ,mov
D2 601083.mov   ,mov
D2 600962.mov   ,mov
D2 600862.mov   ,mov
D2 601017.mov   ,mov
D2 601040.mov   ,mov
D2 601058.mov   ,mov
D2 600946.mov   ,mov
D2 601010.mov   ,mov
D2 601103 CLIP 2.mov ,mov
D2 601096.mov   ,mov
D2 601007.mov   ,mov
D2 600953.mov   ,mov
D2 601057.mov   ,mov
D2 601062.mov   ,mov
D2 601065.mov   ,mov
D2 601039.mov   ,mov
D2 601073.mov   ,mov
D2 601074.mov   ,mov
D2 601110.mov   ,mov
D2 601111.mov   ,mov
D2 601061.mov   ,mov
D2 601071.mov   ,mov
DV 277552.mov   ,mov
DV 277553.mov   ,mov
DV 277554.mov   ,mov
DV 277555.mov   ,mov
DV 277556.mov   ,mov
DV 277558.mov   ,mov
DV 277559.mov   ,mov
DV 277560.mov   ,mov
DV 277561.mov   ,mov
DV 277562.mov   ,mov
DV 277563.mov   ,mov
DV 277564.mov   ,mov
DV 277565.mov   ,mov
DV 277566.mov   ,mov
DV 277567.mov   ,mov
DV 277568.mov   ,mov
DV 277569.mov   ,mov
DV 277570.mov   ,mov
DV 277571.mov   ,mov
DV 277572.mov   ,mov
DV 277573.mov   ,mov
DV 277574.mov   ,mov
DV 277575.mov   ,mov
DV 277576.mov   ,mov
DV 277577.mov   ,mov
DV 277578.mov   ,mov
DV 277579.mov   ,mov
DV 277580.mov   ,mov
DV 277581.mov   ,mov
DV 277582 CLIP 1.mov ,mov
DV 277582 CLIP 2.mov ,mov
DV 277582 CLIP 3.mov ,mov
DV 277582 CLIP 4.mov ,mov
DV 277582 CLIP 5.mov ,mov
DV 277583 CLIP 1.mov ,mov
DV 277583 CLIP 2.mov ,mov
DV 277583 CLIP 3.mov ,mov
DV 277583 CLIP 4.mov ,mov
DV 277583 CLIP 5.mov ,mov
DV 277583 CLIP 6.mov ,mov
DV 277583 CLIP 7.mov ,mov
DV 277584.mov   ,mov
DV 277585.mov   ,mov
DV 277586.mov   ,mov
DV 277587.mov   ,mov
DV 277588 CLIP 1.mov ,mov
DV 277588 CLIP 2.mov ,mov
DV 277588 CLIP 3.mov ,mov
DV 277588 CLIP 4.mov ,mov
DV 277589.mov   ,mov
DV 277590 CLIP 1.mov ,mov
DV 277590 CLIP 2.mov ,mov
DV 277590 CLIP 3.mov ,mov
DV 277591.mov   ,mov
DV 277592.mov   ,mov
DV 277593.mov   ,mov
DV 277594.mov   ,mov
DV 277595.mov   ,mov
DV 277596.mov   ,mov
DV 277597.mov   ,mov
DV 277598.mov   ,mov
DV 277599.mov   ,mov
DV 277600.mov   ,mov
DV 277601 CLIP 1.mov ,mov
DV 277601 CLIP 2.mov ,mov
DV 277602.mov   ,mov
DV 277603.mov   ,mov
DV 277604.mov   ,mov
DV 277605.mov   ,mov
DV 277606.mov   ,mov
DV 277607.mov   ,mov
DV 277608.mov   ,mov
DV 277609.mov   ,mov
DV 277610.mov   ,mov
DV 277611.mov   ,mov
DV 277612.mov   ,mov
DV 277613.mov   ,mov
DV 277614.mov   ,mov
DV 277615 CLIP 1.mov ,mov
DV 277615 CLIP 2.mov ,mov
DV 277616.mov   ,mov
DV 277617.mov   ,mov
DV 277618.mov   ,mov
DV 277619.mov   ,mov
DV 277620.mov   ,mov
DV 277621.mov   ,mov
DV 277622.mov   ,mov
DV 277623.mov   ,mov
DV 277624.mov   ,mov
DV 277625.mov   ,mov
DV 277626.mov   ,mov
DV 277627.mov   ,mov
DV 277628.mov   ,mov
DV 277629.mov   ,mov
DV 277630.mov   ,mov
DV 277631.mov   ,mov
DV 277632.mov   ,mov
DV 277633.mov   ,mov
DV 277634 CLIP 1.mov ,mov
DV 277634 CLIP 2.mov ,mov
DV 277635 CLIP 1.mov ,mov
DV 277635 CLIP 2.mov ,mov
DV 277636 CLIP 1.mov ,mov
DV 277636 CLIP 2.mov ,mov
DV 277637 CLIP 1.mov ,mov
DV 277637 CLIP 2.mov ,mov
DV 277638.mov   ,mov
DV 277639 CLIP 1.mov ,mov
DV 277639 CLIP 2.mov ,mov
DV 277640 CLIP 1.mov ,mov
DV 277640 CLIP 2.mov ,mov
DV 277641 CLIP 1.mov ,mov
DV 277641 CLIP 2.mov ,mov
DV 277643.mov   ,mov
D2 600045.mov   ,mov
D2 600073.mov   ,mov
D2 600076.mov   ,mov
D2 600082.mov   ,mov
D2 600088.mov   ,mov
D2 600091.mov   ,mov
D2 600102.mov   ,mov
D2 600106.mov   ,mov
D2 600109.mov   ,mov
D2 600112.mov   ,mov
D2 600114.mov   ,mov
D2 600116.mov   ,mov
D2 600117.mov   ,mov
D2 600122.mov   ,mov
D2 600123.mov   ,mov
D2 600159.mov   ,mov
D2 600167.mov   ,mov
D2 600169.mov   ,mov
D2 600172.mov   ,mov
D2 600174.mov   ,mov
D2 600175.mov   ,mov
D2 600178.mov   ,mov
D2 600185.mov   ,mov
D2 600203.mov   ,mov
D2 600206.mov   ,mov
D2 600210.mov   ,mov
D2 600225.mov   ,mov
D2 600226.mov   ,mov
D2 600243.mov   ,mov
D2 600258.mov   ,mov
D2 600291.mov   ,mov
D2 600355.mov   ,mov
D2 600364.mov   ,mov
D2 600367.mov   ,mov
D2 600375.mov   ,mov
D2 600837.mov   ,mov
D2 600839.mov   ,mov
D2 600840.mov   ,mov
D2 600843.mov   ,mov
D2 600844.mov   ,mov
D2 600845.mov   ,mov
D2 600846.mov   ,mov
D2 600848.mov   ,mov
D2 600849.mov   ,mov
D2 600850.mov   ,mov
D2 600851.mov   ,mov
D2 600852.mov   ,mov
D2 600853.mov   ,mov
D2 600854.mov   ,mov
D2 600855.mov   ,mov
D2 600856.mov   ,mov
D2 600857.mov   ,mov
D2 600858.mov   ,mov
D2 600860.mov   ,mov
D2 600861.mov   ,mov
D2 600863.mov   ,mov
D2 600866.mov   ,mov
D2 600867.mov   ,mov
D2 600868.mov   ,mov
D2 600869.mov   ,mov
D2 600875.mov   ,mov
D2 600876.mov   ,mov
D2 600877.mov   ,mov
D2 600878.mov   ,mov
D2 600879.mov   ,mov
D2 600881.mov   ,mov
D2 600882.mov   ,mov
D2 600883.mov   ,mov
D2 600884.mov   ,mov
D2 600888.mov   ,mov
D2 600889.mov   ,mov
D2 600890.mov   ,mov
D2 600892.mov   ,mov
D2 600894.mov   ,mov
D2 600895.mov   ,mov
D2 600896.mov   ,mov
D2 600897.mov   ,mov
D2 600899.mov   ,mov
D2 600900.mov   ,mov
D2 600901.mov   ,mov
D2 600902.mov   ,mov
D2 600903.mov   ,mov
D2 600904.mov   ,mov
D2 600905.mov   ,mov
D2 600906.mov   ,mov
D2 600907.mov   ,mov
D2 600908.mov   ,mov
D2 600910 CLIP 1.mov ,mov
D2 600910 CLIP 2.mov ,mov
D2 600911.mov   ,mov
D2 600912.mov   ,mov
D2 600913.mov   ,mov
D2 600914.mov   ,mov
D2 600915.mov   ,mov
D2 600916.mov   ,mov
D2 600917.mov   ,mov
D2 600919.mov   ,mov
D2 600920.mov   ,mov
D2 600921.mov   ,mov
D2 600922.mov   ,mov
D2 600923.mov   ,mov
D2 600924.mov   ,mov
D2 600925.mov   ,mov
D2 600927.mov   ,mov
D2 600928.mov   ,mov
D2 600929.mov   ,mov
D2 600931 CLIP 1.mov ,mov
D2 600931 CLIP 2.mov ,mov
D2 600932.mov   ,mov
D2 600933.mov   ,mov
D2 600935.mov   ,mov
D2 600937.mov   ,mov
D2 600938.mov   ,mov
D2 600939.mov   ,mov
D2 600940.mov   ,mov
D2 600941.mov   ,mov
D2 600942.mov   ,mov
D2 600943.mov   ,mov
D2 600944.mov   ,mov
D2 600945.mov   ,mov
VHS 143364 CLIP 2.mov ,mov
VHS 143364 CLIP 4.mov ,mov
VHS 143364 CLIP 1.mov ,mov
VHS 143364 CLIP 3.mov ,mov
VHS 143364 CLIP 5.mov ,mov
VHS 143364 CLIP 6.mov ,mov
VHS 143364 CLIP 7.mov ,mov
VHS 143364 CLIP 8.mov ,mov
VHS 143364 CLIP 9.mov ,mov
VHS 143364 CLIP 10.mov ,mov
VHS 143364 CLIP 11.mov ,mov
VHS 143364 CLIP 12.mov ,mov
VHS 140418.mov   ,mov
VHS 140177.mov   ,mov
VHS 140269.mov   ,mov
VHS 140277.mov   ,mov
VHS 140310.mov   ,mov
VHS 140347.mov   ,mov
VHS 140386.mov   ,mov
VHS 140911 CLIP 1.mov ,mov
VHS 140911 CLIP 2.mov ,mov
VHS 141497.mov   ,mov
VHS 141699.mov   ,mov
VHS 141750.mov   ,mov
VHS 141883.mov   ,mov
VHS 142858.mov   ,mov
VHS 142996.mov   ,mov
VHS 143089.mov   ,mov
VHS 142685.mov   ,mov
VHS 142853.mov   ,mov
VHS 143233 CLIP 1.mov ,mov
VHS 143233 CLIP 2.mov ,mov
VHS 143233 CLIP 3.mov ,mov
VHS 143233 CLIP 4.mov ,mov
VHS 143233 CLIP 5.mov ,mov
VHS 143233 CLIP 6.mov ,mov
VHS 143233 CLIP 7.mov ,mov
VHS 143233 CLIP 8.mov ,mov
VHS 143233 CLIP 9.mov ,mov
VHS 143267 CLIP 1.mov ,mov
VHS 143267 CLIP 2.mov ,mov
VHS 143267 CLIP 3.mov ,mov
VHS 143267 CLIP 4.mov ,mov
VHS 143267 CLIP 5.mov ,mov
VHS 143267 CLIP 6.mov ,mov
VHS 143267 CLIP 7.mov ,mov
VHS 143267 CLIP 8.mov ,mov
VHS 143267 CLIP 9.mov ,mov
VHS 143267 CLIP 10.mov ,mov
VHS 143302 CLIP 1.mov ,mov
VHS 143302 CLIP 2.mov ,mov
VHS 143302 CLIP 3.mov ,mov
VHS 143302 CLIP 4.mov ,mov
VHS 143302 CLIP 5.mov ,mov
VHS 143302 CLIP 6.mov ,mov
VHS 143302 CLIP 7.mov ,mov
VHS 143302 CLIP 8.mov ,mov
VHS 143302 CLIP 9.mov ,mov
VHS 143302 CLIP 10.mov ,mov
VHS 143302 CLIP 11.mov ,mov
VHS 143348 CLIP 1.mov ,mov
VHS 143348 CLIP 2.mov ,mov
VHS 143348 CLIP 3.mov ,mov
VHS 143348 CLIP 4.mov ,mov
VHS 143348 CLIP 5.mov ,mov
VHS 143348 CLIP 6.mov ,mov
VHS 143348 CLIP 7.mov ,mov
VHS 143348 CLIP 8.mov ,mov
VHS 143348 CLIP 9.mov ,mov
VHS 143348 CLIP 10.mov ,mov
VHS 143348 CLIP 11.mov ,mov
VHS 143348 CLIP 12.mov ,mov
VHS 143396 CLIP 1.mov ,mov
VHS 143396 CLIP 2.mov ,mov
VHS 143396 CLIP 3.mov ,mov
VHS 143396 CLIP 4.mov ,mov
VHS 143396 CLIP 5.mov ,mov
VHS 143396 CLIP 6.mov ,mov
VHS 143396 CLIP 7.mov ,mov
VHS 143396 CLIP 8.mov ,mov
VHS 143398 CLIP 1.mov ,mov
VHS 143398 CLIP 2.mov ,mov
VHS 143398 CLIP 3.mov ,mov
VHS 143398 CLIP 4.mov ,mov
VHS 143398 CLIP 5.mov ,mov
VHS 143398 CLIP 6.mov ,mov
VHS 143398 CLIP 7.mov ,mov
VHS 143398 CLIP 8.mov ,mov
VHS 143398 CLIP 9.mov ,mov
VHS 143399 CLIP 1.mov ,mov
VHS 143399 CLIP 2.mov ,mov
VHS 143399 CLIP 3.mov ,mov
VHS 143399 CLIP 4.mov ,mov
VHS 143399 CLIP 5.mov ,mov
VHS 143399 CLIP 6.mov ,mov
VHS 143400 CLIP 1.mov ,mov
VHS 143400 CLIP 2.mov ,mov
VHS 143400 CLIP 3.mov ,mov
VHS 143400 CLIP 4.mov ,mov
VHS 143400 CLIP 5.mov ,mov
VHS 143400 CLIP 6.mov ,mov
VHS 143400 CLIP 7.mov ,mov
VHS 143400 CLIP 8.mov ,mov
VHS 143400 CLIP 9.mov ,mov
VHS 143401 CLIP 1.mov ,mov
VHS 143401 CLIP 2.mov ,mov
VHS 143401 CLIP 3.mov ,mov
VHS 143401 CLIP 4.mov ,mov
VHS 143401 CLIP 5.mov ,mov
VHS 143401 CLIP 6.mov ,mov
VHS 143401 CLIP 7.mov ,mov
VHS 143401 CLIP 8.mov ,mov
VHS 143401 CLIP 9.mov ,mov
VHS 143409 CLIP 1.mov ,mov
VHS 143409 CLIP 2.mov ,mov
VHS 143409 CLIP 3.mov ,mov
VHS 143409 CLIP 4.mov ,mov
VHS 143409 CLIP 5.mov ,mov
VHS 143409 CLIP 6.mov ,mov
VHS 143409 CLIP 7.mov ,mov
VHS 143409 CLIP 8.mov ,mov
VHS 143409 CLIP 9.mov ,mov
VHS 143409 CLIP 10.mov ,mov
VHS 143409 CLIP 11.mov ,mov
VHS 143410 CLIP 1.mov ,mov
VHS 143410 CLIP 2.mov ,mov
VHS 143410 CLIP 3.mov ,mov
VHS 143410 CLIP 4.mov ,mov
VHS 143410 CLIP 5.mov ,mov
VHS 143410 CLIP 6.mov ,mov
VHS 143410 CLIP 7.mov ,mov
VHS 143410 CLIP 8.mov ,mov
VHS 143428 CLIP 1.mov ,mov
VHS 143428 CLIP 2.mov ,mov
VHS 143428 CLIP 3.mov ,mov
VHS 143428 CLIP 4.mov ,mov
VHS 143428 CLIP 5.mov ,mov
VHS 143428 CLIP 6.mov ,mov
VHS 143432 CLIP 1.mov ,mov
VHS 143432 CLIP 2.mov ,mov
VHS 143432 CLIP 3.mov ,mov
VHS 143432 CLIP 4.mov ,mov
VHS 143432 CLIP 5.mov ,mov
VHS 143432 CLIP 6.mov ,mov
VHS 143432 CLIP 7.mov ,mov
VHS 143432 CLIP 8.mov ,mov
VHS 143433 CLIP 1.mov ,mov
VHS 143433 CLIP 2.mov ,mov
VHS 143433 CLIP 3.mov ,mov
VHS 143433 CLIP 4.mov ,mov
VHS 143433 CLIP 5.mov ,mov
VHS 143433 CLIP 6.mov ,mov
VHS 143433 CLIP 7.mov ,mov
VHS 143433 CLIP 8.mov ,mov
VHS 143433 CLIP 9.mov ,mov
VHS 143433 CLIP 10.mov ,mov
VHS 143433 CLIP 11.mov ,mov
VHS 143433 CLIP 12.mov ,mov
VHS 143433 CLIP 13.mov ,mov
VHS 143437 CLIP 1.mov ,mov
VHS 143437 CLIP 2.mov ,mov
VHS 143437 CLIP 3.mov ,mov
VHS 143437 CLIP 4.mov ,mov
VHS 143437 CLIP 5.mov ,mov
VHS 143437 CLIP 6.mov ,mov
VHS 143437 CLIP 7.mov ,mov
VHS 143437 CLIP 8.mov ,mov
